{
    "served": 88,
    "dropped": 12,
    "makespan": 4111.755626315787,
    "routing_tree": "(sub (add (add RT4 RT2) (min RT2 RT2)) (min (div RT3 (div (sub RT2 RT1) (min RT5 RT1))) RT1))",
    "sequencing_tree": "ST1",
    "vehicles": [
        {
            "id": 1,
            "type": "TRUCK",
            "routes": [
                [
                    63,
                    82,
                    80,
                    45,
                    24,
                    74,
                    41,
                    11,
                    55,
                    95,
                    59,
                    37,
                    25,
                    19,
                    86,
                    84,
                    44,
                    83,
                    39,
                    46,
                    88,
                    12
                ]
            ],
            "makespan": 4071.6676276540693
        },
        {
            "id": 2,
            "type": "TRUCK",
            "routes": [
                [
                    54,
                    49,
                    65,
                    8,
                    75,
                    43,
                    69,
                    29,
                    36,
                    34,
                    1,
                    58,
                    100,
                    68,
                    33,
                    51,
                    48,
                    35
                ]
            ],
            "makespan": 4049.086452220537
        },
        {
            "id": 3,
            "type": "TRUCK",
            "routes": [
                [
                    98,
                    90,
                    40,
                    2,
                    21,
                    32,
                    56,
                    60,
                    10,
                    78,
                    89,
                    20,
                    30,
                    94,
                    64,
                    23,
                    79
                ]
            ],
            "makespan": 4111.755626315787
        },
        {
            "id": 4,
            "type": "TRUCK",
            "routes": [
                [
                    5,
                    28,
                    15,
                    17,
                    26,
                    22,
                    67,
                    70,
                    92,
                    18,
                    87,
                    93,
                    38
                ]
            ],
            "makespan": 4101.555186217829
        },
        {
            "id": 5,
            "type": "DRONE",
            "routes": [
                [
                    62,
                    81,
                    96
                ],
                [
                    61,
                    76
                ],
                [
                    42
                ]
            ],
            "makespan": 1880.8972730673283
        },
        {
            "id": 6,
            "type": "DRONE",
            "routes": [
                [
                    72,
                    14,
                    50,
                    6
                ],
                [
                    97
                ]
            ],
            "makespan": 2492.337031292646
        },
        {
            "id": 7,
            "type": "DRONE",
            "routes": [
                [
                    85,
                    71,
                    31
                ],
                [
                    7,
                    16
                ]
            ],
            "makespan": 1815.7333488697973
        },
        {
            "id": 8,
            "type": "DRONE",
            "routes": [
                [
                    47,
                    27
                ]
            ],
            "makespan": 2499.364162394224
        }
    ]
}