{
    "served": 10,
    "dropped": 0,
    "makespan": 1017.5339104118173,
    "routing_tree": "RT3",
    "sequencing_tree": "(min ST0 ST2)",
    "vehicles": [
        {
            "id": 1,
            "type": "TRUCK",
            "routes": [
                [
                    5,
                    8,
                    3
                ]
            ],
            "makespan": 1017.5339104118173
        },
        {
            "id": 2,
            "type": "DRONE",
            "routes": [
                [
                    10,
                    7,
                    9,
                    1,
                    2,
                    6,
                    4
                ]
            ],
            "makespan": 550.8206914357505
        }
    ]
}