{
    "execution_time": 3.3982791900634766,
    "served": 11,
    "dropped": 1,
    "makespan": 1901.210517776376,
    "routing_tree": "(add RT3 RT1)",
    "sequencing_tree": "(min ST0 ST2)",
    "vehicles": [
        {
            "id": 1,
            "type": "TRUCK",
            "routes": [
                [
                    {
                        "action": "pickup",
                        "req_id": 1,
                        "ready_time": 0.0,
                        "travel_time": 309.64151420677354,
                        "arrival_time": 309.64151420677354,
                        "service_start": 309.64151420677354,
                        "location": [
                            3568.5651536397745,
                            3276.764780612532
                        ],
                        "prev_location": [
                            0.0,
                            0.0
                        ],
                        "vehicle_state": {
                            "busy_until": 309.64151420677354,
                            "remaining_capacity": 399.85793386280847,
                            "remaining_range": null
                        },
                        "note": null
                    },
                    {
                        "action": "return_depot",
                        "req_id": null,
                        "ready_time": 309.64151420677354,
                        "travel_time": 309.64151420677354,
                        "arrival_time": 619.2830284135471,
                        "service_start": null,
                        "location": [
                            0.0,
                            0.0
                        ],
                        "prev_location": [
                            3568.5651536397745,
                            3276.764780612532
                        ],
                        "vehicle_state": {
                            "remaining_capacity": 400.0,
                            "busy_until": 619.2830284135471,
                            "remaining_range": null
                        },
                        "note": null
                    }
                ],
                [
                    {
                        "action": "pickup",
                        "req_id": 6,
                        "ready_time": 619.2830284135471,
                        "travel_time": 268.02557960486877,
                        "arrival_time": 887.3086080184158,
                        "service_start": 887.3086080184158,
                        "location": [
                            417.1158480810174,
                            -4172.839857743874
                        ],
                        "prev_location": [
                            0.0,
                            0.0
                        ],
                        "vehicle_state": {
                            "busy_until": 887.3086080184158,
                            "remaining_capacity": 399.8850012907949,
                            "remaining_range": null
                        },
                        "note": null
                    },
                    {
                        "action": "pickup",
                        "req_id": 3,
                        "ready_time": 887.3086080184158,
                        "travel_time": 462.4824372550882,
                        "arrival_time": 1349.791045273504,
                        "service_start": 1349.791045273504,
                        "location": [
                            6187.2574416228845,
                            193.83420037978595
                        ],
                        "prev_location": [
                            417.1158480810174,
                            -4172.839857743874
                        ],
                        "vehicle_state": {
                            "busy_until": 1349.791045273504,
                            "remaining_capacity": 379.53296414632223,
                            "remaining_range": null
                        },
                        "note": null
                    },
                    {
                        "action": "pickup",
                        "req_id": 2,
                        "ready_time": 1349.791045273504,
                        "travel_time": 208.08640154976626,
                        "arrival_time": 1557.8774468232705,
                        "service_start": 1557.8774468232705,
                        "location": [
                            3689.242504240958,
                            2281.9374124191577
                        ],
                        "prev_location": [
                            6187.2574416228845,
                            193.83420037978595
                        ],
                        "vehicle_state": {
                            "busy_until": 1557.8774468232705,
                            "remaining_capacity": 367.93209152717577,
                            "remaining_range": null
                        },
                        "note": null
                    },
                    {
                        "action": "return_depot",
                        "req_id": null,
                        "ready_time": 1557.8774468232705,
                        "travel_time": 277.2486259235101,
                        "arrival_time": 1835.1260727467807,
                        "service_start": null,
                        "location": [
                            0.0,
                            0.0
                        ],
                        "prev_location": [
                            3689.242504240958,
                            2281.9374124191577
                        ],
                        "vehicle_state": {
                            "remaining_capacity": 400.0,
                            "busy_until": 1835.1260727467807,
                            "remaining_range": null
                        },
                        "note": null
                    }
                ]
            ],
            "makespan": 1835.1260727467807
        },
        {
            "id": 2,
            "type": "DRONE",
            "routes": [
                [
                    {
                        "action": "pickup",
                        "req_id": 8,
                        "ready_time": 154.82075710338677,
                        "travel_time": 159.33152084569235,
                        "arrival_time": 314.1522779490791,
                        "service_start": 314.1522779490791,
                        "location": [
                            4497.506772910422,
                            2152.190736011403
                        ],
                        "prev_location": [
                            0.0,
                            0.0
                        ],
                        "vehicle_state": {
                            "busy_until": 314.1522779490791,
                            "remaining_capacity": 1.8794511385784092,
                            "remaining_range": 540.6684791543076
                        },
                        "note": null
                    },
                    {
                        "action": "pickup",
                        "req_id": 12,
                        "ready_time": 314.1522779490791,
                        "travel_time": 160.24099387888248,
                        "arrival_time": 474.3932718279616,
                        "service_start": 474.3932718279616,
                        "location": [
                            5196.253746359196,
                            -2813.2753502376745
                        ],
                        "prev_location": [
                            4497.506772910422,
                            2152.190736011403
                        ],
                        "vehicle_state": {
                            "busy_until": 474.3932718279616,