{
    "execution_time": 3.5805647373199463,
    "served": 8,
    "dropped": 4,
    "makespan": 6705.153290394778,
    "routing_tree": "(add RT3 RT1)",
    "sequencing_tree": "(min ST0 ST2)",
    "vehicles": [
        {
            "id": 1,
            "type": "TRUCK",
            "routes": [
                [
                    {
                        "action": "pickup",
                        "req_id": 4,
                        "ready_time": 0.0,
                        "travel_time": 705.5559631260808,
                        "arrival_time": 705.5559631260808,
                        "service_start": 705.5559631260808,
                        "location": [
                            -9036.820779511065,
                            6340.698816682185
                        ],
                        "prev_location": [
                            0.0,
                            0.0
                        ],
                        "vehicle_state": {
                            "busy_until": 705.5559631260808,
                            "remaining_capacity": 399.06579221979786,
                            "remaining_range": null
                        },
                        "note": null
                    },
                    {
                        "action": "pickup",
                        "req_id": 11,
                        "ready_time": 705.5559631260808,
                        "travel_time": 460.7033187737077,
                        "arrival_time": 1166.2592818997884,
                        "service_start": 1166.2592818997884,
                        "location": [
                            -10889.625707960271,
                            13306.85992964885
                        ],
                        "prev_location": [
                            -9036.820779511065,
                            6340.698816682185
                        ],
                        "vehicle_state": {
                            "busy_until": 1166.2592818997884,
                            "remaining_capacity": 398.1053925533387,
                            "remaining_range": null
                        },
                        "note": null
                    },
                    {
                        "action": "return_depot",
                        "req_id": null,
                        "ready_time": 1166.2592818997884,
                        "travel_time": 1098.9533679298156,
                        "arrival_time": 2265.212649829604,
                        "service_start": null,
                        "location": [
                            0.0,
                            0.0
                        ],
                        "prev_location": [
                            -10889.625707960271,
                            13306.85992964885
                        ],
                        "vehicle_state": {
                            "remaining_capacity": 400.0,
                            "busy_until": 2265.212649829604,
                            "remaining_range": null
                        },
                        "note": null
                    }
                ],
                [
                    {
                        "action": "pickup",
                        "req_id": 12,
                        "ready_time": 4018.757346633458,
                        "travel_time": 1165.1886977279821,
                        "arrival_time": 5183.94604436144,
                        "service_start": 5183.94604436144,
                        "location": [
                            -13784.509652478017,
                            -11931.343695697971
                        ],
                        "prev_location": [
                            0.0,
                            0.0
                        ],
                        "vehicle_state": {
                            "busy_until": 5183.94604436144,
                            "remaining_capacity": 399.6004809358035,
                            "remaining_range": null
                        },
                        "note": null
                    },
                    {
                        "action": "pickup",
                        "req_id": 10,
                        "ready_time": 5183.94604436144,
                        "travel_time": 729.1083176461045,
                        "arrival_time": 5913.054362007544,
                        "service_start": 5913.054362007544,
                        "location": [
                            -2378.9422804440983,
                            -12163.033890148581
                        ],
                        "prev_location": [
                            -13784.509652478017,
                            -11931.343695697971
                        ],
                        "vehicle_state": {
                            "busy_until": 5913.054362007544,
                            "remaining_capacity": 398.5706862016806,
                            "remaining_range": null
                        },
                        "note": null
                    },
                    {
                        "action": "return_depot",
                        "req_id": null,
                        "ready_time": 5913.054362007544,
                        "travel_time": 792.0989283872342,
                        "arrival_time": 6705.153290394778,
                        "service_start": null,
                        "location": [
                            0.0,
                            0.0
                        ],
                        "prev_location": [
                            -2378.9422804440983,
                            -12163.033890148581
                        ],
                        "vehicle_state": {
                            "remaining_capacity": 400.0,
                            "busy_until": 6705.153290394778,
                            "remaining_range": null
                        },
                        "note": null
                    }
                ]
            ],
            "makespan": 6705.153290394778
        },
        {
            "id": 2,
            "type": "DRONE",
            "routes": [
                [
                    {
                        "action": "pickup",
                        "req_id": 5,
                        "ready_time": 0.0,
                        "travel_time": 163.87071449299776,
                        "arrival_time": 163.87071449299776,
                        "service_start": 163.87071449299776,
                        "location": [
                            4612.72963656204,
                            2240.2762017523905
                        ],
                        "prev_location": [
                            0.0,
                            0.0
                        ],
                        "vehicle_state": {
                            "busy_until": 163.87071449299776,
                            "remaining_capacity": 1.825019892422064,
                            "remaining_range": 536.1292855070022
                        },
                        "note": null
                    },
                    {
                        "action": "pickup",
                        "req_id": 1,
                        "ready_time": 163.87071449299776,
                        "travel_time": 175.01033084617563,
                        "arrival_time": 338.8810453391734,
                        "service_start": 338.8810453391734,
                        "location": [
                            7119.830203765906,
                            7109.279397259038
                        ],
                        "prev_location": [
                            4612.72963656204,
                            2240.2762017523905
                        ],
                        "vehicle_state": {
                            "busy_until": 338.8810453391734,