{
    "execution_time": 2.1348257064819336,
    "served": 6,
    "dropped": 0,
    "makespan": 4202.182699790785,
    "routing_tree": "(add RT3 RT1)",
    "sequencing_tree": "(min ST0 ST2)",
    "vehicles": [
        {
            "id": 1,
            "type": "TRUCK",
            "routes": [
                [
                    {
                        "action": "pickup",
                        "req_id": 4,
                        "ready_time": 0.0,
                        "travel_time": 1298.3334786582266,
                        "arrival_time": 1298.3334786582266,
                        "service_start": 1298.3334786582266,
                        "location": [
                            -15084.860466577491,
                            13605.716894218642
                        ],
                        "prev_location": [
                            0.0,
                            0.0
                        ],
                        "vehicle_state": {
                            "busy_until": 1298.3334786582266,
                            "remaining_capacity": 375.07459482692934,
                            "remaining_range": null
                        },
                        "note": null
                    },
                    {
                        "action": "pickup",
                        "req_id": 3,
                        "ready_time": 1298.3334786582266,
                        "travel_time": 526.6366452156963,
                        "arrival_time": 1824.9701238739228,
                        "service_start": 1824.9701238739228,
                        "location": [
                            -6847.520035480966,
                            13397.657370872095
                        ],
                        "prev_location": [
                            -15084.860466577491,
                            13605.716894218642
                        ],
                        "vehicle_state": {
                            "busy_until": 1824.9701238739228,
                            "remaining_capacity": 374.57493774654364,
                            "remaining_range": null
                        },
                        "note": null
                    },
                    {
                        "action": "return_depot",
                        "req_id": null,
                        "ready_time": 1824.9701238739228,
                        "travel_time": 961.6346817321817,
                        "arrival_time": 2786.6048056061045,
                        "service_start": null,
                        "location": [
                            0.0,
                            0.0
                        ],
                        "prev_location": [
                            -6847.520035480966,
                            13397.657370872095
                        ],
                        "vehicle_state": {
                            "remaining_capacity": 400.0,
                            "busy_until": 2786.6048056061045,
                            "remaining_range": null
                        },
                        "note": null
                    }
                ],
                [
                    {
                        "action": "pickup",
                        "req_id": 2,
                        "ready_time": 2786.6048056061045,
                        "travel_time": 707.78894709234,
                        "arrival_time": 3494.3937526984446,
                        "service_start": 3494.3937526984446,
                        "location": [
                            10261.442256836766,
                            -4164.613809224125
                        ],
                        "prev_location": [
                            0.0,
                            0.0
                        ],
                        "vehicle_state": {
                            "busy_until": 3494.3937526984446,
                            "remaining_capacity": 399.18922167666057,
                            "remaining_range": null
                        },
                        "note": null
                    },
                    {
                        "action": "return_depot",
                        "req_id": null,
                        "ready_time": 3494.3937526984446,
                        "travel_time": 707.78894709234,
                        "arrival_time": 4202.182699790785,
                        "service_start": null,
                        "location": [
                            0.0,
                            0.0
                        ],
                        "prev_location": [
                            10261.442256836766,
                            -4164.613809224125
                        ],
                        "vehicle_state": {
                            "remaining_capacity": 400.0,
                            "busy_until": 4202.182699790785,
                            "remaining_range": null
                        },
                        "note": null
                    }
                ]
            ],
            "makespan": 4202.182699790785
        },
        {
            "id": 2,
            "type": "DRONE",
            "routes": [
                [
                    {
                        "action": "pickup",
                        "req_id": 1,
                        "ready_time": 0.0,
                        "travel_time": 343.8522967754932,
                        "arrival_time": 343.8522967754932,
                        "service_start": 343.8522967754932,
                        "location": [
                            7416.813875221343,
                            -7795.553139651736
                        ],
                        "prev_location": [
                            0.0,
                            0.0
                        ],
                        "vehicle_state": {
                            "busy_until": 343.8522967754932,
                            "remaining_capacity": 1.9931759202051482,
                            "remaining_range": 356.1477032245068
                        },
                        "note": null
                    },
                    {
                        "action": "return_depot",
                        "req_id": null,
                        "ready_time": 343.8522967754932,
                        "travel_time": 343.8522967754932,
                        "arrival_time": 687.7045935509864,
                        "service_start": null,
                        "location": [
                            0.0,
                            0.0
                        ],
                        "prev_location": [
                            7416.813875221343,
                            -7795.553139651736
                        ],
                        "vehicle_state": {
                            "remaining_capacity": 2.27,
                            "busy_until": 687.7045935509864,
                            "remaining_range": 700.0
                        },
                        "note": null
                    }
                ],
                [
                    {
                        "action": "pickup",
                        "req_id": 5,
                        "ready_time": 687.7045935509864,
                        "travel_time": 330.18255966101106,
                        "arrival_time": 1017.8871532119974,
                        "service_start": 1017.8871532119974,
                        "location": [
                            -2030.8958044529454,
                            10130.77716867067
                        ],
                        "prev_location": [
                            0.0,
                            0.0
                        ],
                        "vehicle_state": {
                            "busy_until": 1017.8871532119974,
                            "remaining_capacity": 1.1847645035493284,