{
    "served": 76,
    "dropped": 24,
    "makespan": 9031.042203589233,
    "routing_tree": "(add RT0 RT2)",
    "sequencing_tree": "(max ST3 ST4)",
    "vehicles": [
        {
            "id": 1,
            "type": "TRUCK",
            "routes": [
                [
                    9,
                    48,
                    59,
                    66
                ],
                [
                    92,
                    12,
                    84,
                    69,
                    20,
                    55,
                    7,
                    51,
                    31,
                    52,
                    18,
                    46
                ]
            ],
            "makespan": 8996.170224481792
        },
        {
            "id": 2,
            "type": "TRUCK",
            "routes": [
                [
                    90,
                    37,
                    41,
                    14,
                    77,
                    96,
                    85,
                    76
                ],
                [
                    36,
                    67,
                    10,
                    54,
                    89,
                    95,
                    82
                ]
            ],
            "makespan": 8961.277563738851
        },
        {
            "id": 3,
            "type": "TRUCK",
            "routes": [
                [
                    64,
                    71,
                    75,
                    19,
                    73,
                    70,
                    49,
                    22,
                    47,
                    100,
                    57
                ],
                [
                    65,
                    62,
                    4,
                    17,
                    34,
                    72
                ]
            ],
            "makespan": 8141.642158089864
        },
        {
            "id": 4,
            "type": "TRUCK",
            "routes": [
                [
                    29,
                    79,
                    98,
                    39,
                    2
                ],
                [
                    26,
                    53,
                    44,
                    88,
                    56,
                    21,
                    86,
                    6,
                    38,
                    45,
                    42,
                    32,
                    3
                ]
            ],
            "makespan": 9031.042203589233
        },
        {
            "id": 5,
            "type": "DRONE",
            "routes": [
                [
                    68,
                    60
                ],
                [
                    74
                ]
            ],
            "makespan": 8679.609260227588
        },
        {
            "id": 6,
            "type": "DRONE",
            "routes": [
                [
                    5
                ]
            ],
            "makespan": 649.8157552427738
        },
        {
            "id": 7,
            "type": "DRONE",
            "routes": [
                [
                    24,
                    94,
                    13
                ],
                [
                    81
                ]
            ],
            "makespan": 2398.110222391353
        },
        {
            "id": 8,
            "type": "DRONE",
            "routes": [
                [
                    35,
                    11
                ]
            ],
            "makespan": 1750.745880832776
        }
    ]
}