{
    "served": 19,
    "dropped": 1,
    "makespan": 3934.292910543747,
    "routing_tree": "(add (min RT3 (min (max RT4 RT0) (max RT5 RT2))) RT2)",
    "sequencing_tree": "(mul (mul ST1 (div ST5 (add ST0 ST5))) (div (mul ST5 ST0) (sub ST4 ST0)))",
    "vehicles": [
        {
            "id": 1,
            "type": "TRUCK",
            "routes": [
                [
                    9,
                    14,
                    7,
                    11,
                    3,
                    18,
                    16
                ]
            ],
            "makespan": 3934.292910543747
        },
        {
            "id": 2,
            "type": "TRUCK",
            "routes": [
                [
                    13,
                    10,
                    15,
                    20,
                    12
                ]
            ],
            "makespan": 3861.311867006855
        },
        {
            "id": 3,
            "type": "DRONE",
            "routes": [
                [
                    4,
                    19,
                    1
                ],
                [
                    17,
                    8
                ]
            ],
            "makespan": 2240.8502260064793
        },
        {
            "id": 4,
            "type": "DRONE",
            "routes": [
                [
                    2,
                    5
                ]
            ],
            "makespan": 579.4440244336802
        }
    ]
}