{
    "served": 78,
    "dropped": 22,
    "makespan": 14733.018634300683,
    "routing_tree": "RT2",
    "sequencing_tree": "(mul (mul (sub (div ST1 ST0) ST4) (add ST0 ST0)) ST5)",
    "vehicles": [
        {
            "id": 1,
            "type": "TRUCK",
            "routes": [
                [
                    12,
                    100,
                    30,
                    49,
                    38,
                    9,
                    74,
                    16
                ],
                [
                    70,
                    60,
                    21,
                    6,
                    99,
                    33,
                    87,
                    81,
                    53
                ],
                [
                    76,
                    7,
                    92,
                    67
                ]
            ],
            "makespan": 14381.784426605678
        },
        {
            "id": 2,
            "type": "TRUCK",
            "routes": [
                [
                    32,
                    69,
                    65,
                    80,
                    54,
                    47,
                    96,
                    71,
                    48,
                    73,
                    56
                ],
                [
                    8,
                    31,
                    36,
                    15,
                    13,
                    35
                ]
            ],
            "makespan": 14486.91913577742
        },
        {
            "id": 3,
            "type": "TRUCK",
            "routes": [
                [
                    42,
                    46,
                    79,
                    90,
                    37,
                    5,
                    28,
                    23
                ],
                [
                    41,
                    93,
                    75,
                    44,
                    39,
                    40,
                    97
                ],
                [
                    52
                ]
            ],
            "makespan": 13597.285236442327
        },
        {
            "id": 4,
            "type": "TRUCK",
            "routes": [
                [
                    3,
                    20,
                    22
                ],
                [
                    11,
                    55,
                    24,
                    94,
                    19,
                    25,
                    89,
                    86,
                    18
                ],
                [
                    66,
                    50,
                    95,
                    83,
                    61,
                    51
                ]
            ],
            "makespan": 14733.018634300683
        },
        {
            "id": 5,
            "type": "DRONE",
            "routes": [
                [
                    78,
                    77
                ]
            ],
            "makespan": 2431.899947664598
        },
        {
            "id": 6,
            "type": "DRONE",
            "routes": [
                [
                    10
                ]
            ],
            "makespan": 1176.2041210043674
        },
        {
            "id": 7,
            "type": "DRONE",
            "routes": [
                [
                    29,
                    43
                ]
            ],
            "makespan": 4244.829163546099
        },
        {
            "id": 8,
            "type": "DRONE",
            "routes": [
                [
                    98
                ]
            ],
            "makespan": 2334.4554480486977
        }
    ]
}