{
    "execution_time": 2.8438379764556885,
    "served": 6,
    "dropped": 6,
    "makespan": 6009.326504853267,
    "routing_tree": "(add RT3 RT1)",
    "sequencing_tree": "(min ST0 ST2)",
    "vehicles": [
        {
            "id": 1,
            "type": "TRUCK",
            "routes": [
                [
                    {
                        "action": "pickup",
                        "req_id": 2,
                        "ready_time": 0.0,
                        "travel_time": 905.4068212283006,
                        "arrival_time": 905.4068212283006,
                        "service_start": 905.4068212283006,
                        "location": [
                            -9192.70659158325,
                            -10778.674516047096
                        ],
                        "prev_location": [
                            0.0,
                            0.0
                        ],
                        "vehicle_state": {
                            "busy_until": 905.4068212283006,
                            "remaining_capacity": 399.5614331922314,
                            "remaining_range": null
                        },
                        "note": null
                    },
                    {
                        "action": "pickup",
                        "req_id": 10,
                        "ready_time": 905.4068212283006,
                        "travel_time": 146.76732350082784,
                        "arrival_time": 1052.1741447291283,
                        "service_start": 1052.1741447291283,
                        "location": [
                            -7777.803560965178,
                            -12587.378933159582
                        ],
                        "prev_location": [
                            -9192.70659158325,
                            -10778.674516047096
                        ],
                        "vehicle_state": {
                            "busy_until": 1052.1741447291283,
                            "remaining_capacity": 398.9728946582339,
                            "remaining_range": null
                        },
                        "note": null
                    },
                    {
                        "action": "return_depot",
                        "req_id": null,
                        "ready_time": 1052.1741447291283,
                        "travel_time": 945.6806322860658,
                        "arrival_time": 1997.854777015194,
                        "service_start": null,
                        "location": [
                            0.0,
                            0.0
                        ],
                        "prev_location": [
                            -7777.803560965178,
                            -12587.378933159582
                        ],
                        "vehicle_state": {
                            "remaining_capacity": 400.0,
                            "busy_until": 1997.854777015194,
                            "remaining_range": null
                        },
                        "note": null
                    }
                ],
                [
                    {
                        "action": "pickup",
                        "req_id": 12,
                        "ready_time": 3759.28886762004,
                        "travel_time": 1041.3446705863064,
                        "arrival_time": 4800.633538206346,
                        "service_start": 4800.633538206346,
                        "location": [
                            -9582.728462701132,
                            13177.358818809103
                        ],
                        "prev_location": [
                            0.0,
                            0.0
                        ],
                        "vehicle_state": {
                            "busy_until": 4800.633538206346,
                            "remaining_capacity": 399.4250850335051,
                            "remaining_range": null
                        },
                        "note": null
                    },
                    {
                        "action": "pickup",
                        "req_id": 6,
                        "ready_time": 4800.633538206346,
                        "travel_time": 262.6059617117775,
                        "arrival_time": 5063.239499918123,
                        "service_start": 5063.239499918123,
                        "location": [
                            -5512.348924417788,
                            13738.214826733582
                        ],
                        "prev_location": [
                            -9582.728462701132,
                            13177.358818809103
                        ],
                        "vehicle_state": {
                            "busy_until": 5063.239499918123,
                            "remaining_capacity": 398.36844219296654,
                            "remaining_range": null
                        },
                        "note": null
                    },
                    {
                        "action": "return_depot",
                        "req_id": null,
                        "ready_time": 5063.239499918123,
                        "travel_time": 946.0870049351431,
                        "arrival_time": 6009.326504853267,
                        "service_start": null,
                        "location": [
                            0.0,
                            0.0
                        ],
                        "prev_location": [
                            -5512.348924417788,
                            13738.214826733582
                        ],
                        "vehicle_state": {
                            "remaining_capacity": 400.0,
                            "busy_until": 6009.326504853267,
                            "remaining_range": null
                        },
                        "note": null
                    }
                ]
            ],
            "makespan": 6009.326504853267
        },
        {
            "id": 2,
            "type": "DRONE",
            "routes": [
                [
                    {
                        "action": "pickup",
                        "req_id": 9,
                        "ready_time": 0.0,
                        "travel_time": 153.86348705667146,
                        "arrival_time": 153.86348705667146,
                        "service_start": 153.86348705667146,
                        "location": [
                            -4271.09682088639,
                            2222.659916778301
                        ],
                        "prev_location": [
                            0.0,
                            0.0
                        ],
                        "vehicle_state": {
                            "busy_until": 153.86348705667146,
                            "remaining_capacity": 1.275042210731682,
                            "remaining_range": 546.1365129433285
                        },
                        "note": null
                    },
                    {
                        "action": "pickup",
                        "req_id": 3,
                        "ready_time": 153.86348705667146,
                        "travel_time": 62.809867236349845,
                        "arrival_time": 216.6733542930213,
                        "service_start": 216.6733542930213,
                        "location": [
                            -5788.017439076927,
                            3472.5114182000493
                        ],
                        "prev_location": [
                            -4271.09682088639,
                            2222.659916778301
                        ],
                        "vehicle_state": {
                            "busy_until": 216.6733542930213,