{
    "execution_time": 3.0533783435821533,
    "served": 8,
    "dropped": 2,
    "makespan": 979.9087185423865,
    "routing_tree": "(mul (max (max RT5 RT3) (mul RT3 RT2)) RT0)",
    "sequencing_tree": "(max (sub (mul ST1 ST2) ST0) (min (div ST1 ST2) ST0))",
    "vehicles": [
        {
            "id": 1,
            "type": "TRUCK",
            "routes": [
                [
                    {
                        "action": "pickup",
                        "req_id": 7,
                        "ready_time": 0.0,
                        "travel_time": 236.15019349785555,
                        "arrival_time": 236.15019349785555,
                        "service_start": 236.15019349785555,
                        "location": [
                            2930.875737490242,
                            2249.9458405192977
                        ],
                        "prev_location": [
                            0.0,
                            0.0
                        ],
                        "vehicle_state": {
                            "busy_until": 236.15019349785555,
                            "remaining_capacity": 390.33345346475977,
                            "remaining_range": null
                        },
                        "note": null
                    },
                    {
                        "action": "pickup",
                        "req_id": 3,
                        "ready_time": 236.15019349785555,
                        "travel_time": 75.80733699057365,
                        "arrival_time": 311.9575304884292,
                        "service_start": 311.9575304884292,
                        "location": [
                            2119.047512996141,
                            3114.698067879787
                        ],
                        "prev_location": [
                            2930.875737490242,
                            2249.9458405192977
                        ],
                        "vehicle_state": {
                            "busy_until": 311.9575304884292,
                            "remaining_capacity": 360.35172486066017,
                            "remaining_range": null
                        },
                        "note": null
                    },
                    {
                        "action": "return_depot",
                        "req_id": null,
                        "ready_time": 311.9575304884292,
                        "travel_time": 240.77028142390682,
                        "arrival_time": 552.727811912336,
                        "service_start": null,
                        "location": [
                            0.0,
                            0.0
                        ],
                        "prev_location": [
                            2119.047512996141,
                            3114.698067879787
                        ],
                        "vehicle_state": {
                            "remaining_capacity": 400.0,
                            "busy_until": 552.727811912336,
                            "remaining_range": null
                        },
                        "note": null
                    }
                ],
                [
                    {
                        "action": "pickup",
                        "req_id": 5,
                        "ready_time": 552.727811912336,
                        "travel_time": 92.02207610374808,
                        "arrival_time": 644.7498880160841,
                        "service_start": 644.7498880160841,
                        "location": [
                            -1410.449773199692,
                            289.3033028870841
                        ],
                        "prev_location": [
                            0.0,
                            0.0
                        ],
                        "vehicle_state": {
                            "busy_until": 644.7498880160841,
                            "remaining_capacity": 383.9761965316375,
                            "remaining_range": null
                        },
                        "note": null
                    },
                    {
                        "action": "return_depot",
                        "req_id": null,
                        "ready_time": 644.7498880160841,
                        "travel_time": 92.02207610374808,
                        "arrival_time": 736.7719641198322,
                        "service_start": null,
                        "location": [
                            0.0,
                            0.0
                        ],
                        "prev_location": [
                            -1410.449773199692,
                            289.3033028870841
                        ],
                        "vehicle_state": {
                            "remaining_capacity": 400.0,
                            "busy_until": 736.7719641198322,
                            "remaining_range": null
                        },
                        "note": null
                    }
                ],
                [
                    {
                        "action": "pickup",
                        "req_id": 1,
                        "ready_time": 736.7719641198322,
                        "travel_time": 121.56837721127715,
                        "arrival_time": 858.3403413311094,
                        "service_start": 858.3403413311094,
                        "location": [
                            1849.1576052805228,
                            -445.67805595906043
                        ],
                        "prev_location": [
                            0.0,
                            0.0
                        ],
                        "vehicle_state": {
                            "busy_until": 858.3403413311094,
                            "remaining_capacity": 399.18344649721513,
                            "remaining_range": null
                        },
                        "note": null
                    },
                    {
                        "action": "return_depot",
                        "req_id": null,
                        "ready_time": 858.3403413311094,
                        "travel_time": 121.56837721127715,
                        "arrival_time": 979.9087185423865,
                        "service_start": null,
                        "location": [
                            0.0,
                            0.0
                        ],
                        "prev_location": [
                            1849.1576052805228,
                            -445.67805595906043
                        ],
                        "vehicle_state": {
                            "remaining_capacity": 400.0,
                            "busy_until": 979.9087185423865,
                            "remaining_range": null
                        },
                        "note": null
                    }
                ]
            ],
            "makespan": 979.9087185423865
        },
        {
            "id": 2,
            "type": "DRONE",
            "routes": [
                [
                    {
                        "action": "pickup",
                        "req_id": 6,
                        "ready_time": 0.0,
                        "travel_time": 96.29798936041291,
                        "arrival_time": 96.29798936041291,
                        "service_start": 96.29798936041291,
                        "location": [
                            -2851.345081132037,
                            974.9943701999066
                        ],
                        "prev_location": [
                            0.0,
                            0.0
                        ],
                        "vehicle_state": {
                            "busy_until": 96.29798936041291,