{
    "served": 76,
    "dropped": 24,
    "makespan": 15298.644320917994,
    "routing_tree": "(mul (sub (div (sub (div RT2 RT4) RT1) RT4) RT1) (min RT0 RT3))",
    "sequencing_tree": "(mul (sub ST1 ST0) ST5)",
    "vehicles": [
        {
            "id": 1,
            "type": "TRUCK",
            "routes": [
                [
                    69,
                    53,
                    81,
                    3,
                    44,
                    71,
                    66,
                    52,
                    34,
                    75,
                    28
                ],
                [
                    26,
                    60,
                    90,
                    54
                ],
                [
                    40,
                    32,
                    67,
                    85,
                    84,
                    56
                ]
            ],
            "makespan": 15020.558017085723
        },
        {
            "id": 2,
            "type": "TRUCK",
            "routes": [
                [
                    50,
                    13,
                    95,
                    7,
                    73,
                    91,
                    65
                ],
                [
                    31,
                    20,
                    98
                ],
                [
                    72,
                    74,
                    86,
                    33,
                    23,
                    83
                ]
            ],
            "makespan": 15298.644320917994
        },
        {
            "id": 3,
            "type": "TRUCK",
            "routes": [
                [
                    5,
                    87,
                    68,
                    58,
                    51,
                    49,
                    9
                ],
                [
                    79,
                    92,
                    99,
                    89,
                    76
                ],
                [
                    30,
                    19,
                    22,
                    27
                ]
            ],
            "makespan": 15078.6230379004
        },
        {
            "id": 4,
            "type": "TRUCK",
            "routes": [
                [
                    47,
                    80,
                    78,
                    48,
                    88,
                    1,
                    41
                ],
                [
                    12,
                    36,
                    37,
                    42,
                    29,
                    63,
                    25
                ],
                [
                    62,
                    100
                ]
            ],
            "makespan": 15037.318636916661
        },
        {
            "id": 5,
            "type": "DRONE",
            "routes": [
                [
                    64,
                    94
                ]
            ],
            "makespan": 2613.9870752727165
        },
        {
            "id": 6,
            "type": "DRONE",
            "routes": [
                [
                    6,
                    16,
                    4
                ]
            ],
            "makespan": 3761.5317761437036
        },
        {
            "id": 7,
            "type": "DRONE",
            "routes": [
                [
                    82
                ]
            ],
            "makespan": 1652.35268302497
        },
        {
            "id": 8,
            "type": "DRONE",
            "routes": [
                [
                    18
                ]
            ],
            "makespan": 2180.267788739746
        }
    ]
}