{
    "served": 11,
    "dropped": 1,
    "makespan": 1669.355662583795,
    "routing_tree": "(add RT0 RT3)",
    "sequencing_tree": "ST1",
    "vehicles": [
        {
            "id": 1,
            "type": "TRUCK",
            "routes": [
                [
                    7,
                    2,
                    9,
                    6,
                    5
                ]
            ],
            "makespan": 1669.355662583795
        },
        {
            "id": 2,
            "type": "DRONE",
            "routes": [
                [
                    8,
                    12,
                    10
                ],
                [
                    1,
                    3,
                    4
                ]
            ],
            "makespan": 1644.6582611929584
        }
    ]
}