{
    "served": 18,
    "dropped": 2,
    "makespan": 1545.3068675037457,
    "routing_tree": "(min (add (max (min RT0 RT0) (max RT3 RT5)) RT4) (div (div RT2 RT0) (mul (div RT2 RT5) RT5)))",
    "sequencing_tree": "(min (max (sub ST0 ST1) ST5) ST2)",
    "vehicles": [
        {
            "id": 1,
            "type": "TRUCK",
            "routes": [
                [
                    4,
                    11,
                    3,
                    1,
                    6
                ]
            ],
            "makespan": 1545.3068675037457
        },
        {
            "id": 2,
            "type": "TRUCK",
            "routes": [
                [
                    19,
                    10,
                    12
                ]
            ],
            "makespan": 1336.512819905273
        },
        {
            "id": 3,
            "type": "DRONE",
            "routes": [
                [
                    16,
                    18
                ],
                [
                    2,
                    20,
                    14,
                    8
                ]
            ],
            "makespan": 1341.470034437282
        },
        {
            "id": 4,
            "type": "DRONE",
            "routes": [
                [
                    15,
                    13,
                    17
                ],
                [
                    5
                ]
            ],
            "makespan": 1106.132263195302
        }
    ]
}