{
    "execution_time": 2.2668309211730957,
    "served": 5,
    "dropped": 1,
    "makespan": 1162.864260197052,
    "routing_tree": "(min RT1 RT3)",
    "sequencing_tree": "(min ST0 ST2)",
    "vehicles": [
        {
            "id": 1,
            "type": "TRUCK",
            "routes": [
                [
                    {
                        "action": "pickup",
                        "req_id": 5,
                        "ready_time": 349.2707596716322,
                        "travel_time": 400.6218356149421,
                        "arrival_time": 749.8925952865743,
                        "service_start": 749.8925952865743,
                        "location": [
                            4356.431134037283,
                            -4506.99022512367
                        ],
                        "prev_location": [
                            0.0,
                            0.0
                        ],
                        "vehicle_state": {
                            "busy_until": 749.8925952865743,
                            "remaining_capacity": 399.01722094574467,
                            "remaining_range": null
                        },
                        "note": null
                    },
                    {
                        "action": "pickup",
                        "req_id": 2,
                        "ready_time": 749.8925952865743,
                        "travel_time": 150.19906607306018,
                        "arrival_time": 900.0916613596345,
                        "service_start": 900.0916613596345,
                        "location": [
                            3350.278270965108,
                            -2383.1947174269253
                        ],
                        "prev_location": [
                            4356.431134037283,
                            -4506.99022512367
                        ],
                        "vehicle_state": {
                            "busy_until": 900.0916613596345,
                            "remaining_capacity": 398.05343648764585,
                            "remaining_range": null
                        },
                        "note": null
                    },
                    {
                        "action": "return_depot",
                        "req_id": null,
                        "ready_time": 900.0916613596345,
                        "travel_time": 262.7725988374176,
                        "arrival_time": 1162.864260197052,
                        "service_start": null,
                        "location": [
                            0.0,
                            0.0
                        ],
                        "prev_location": [
                            3350.278270965108,
                            -2383.1947174269253
                        ],
                        "vehicle_state": {
                            "remaining_capacity": 400.0,
                            "busy_until": 1162.864260197052,
                            "remaining_range": null
                        },
                        "note": null
                    }
                ]
            ],
            "makespan": 1162.864260197052
        },
        {
            "id": 2,
            "type": "DRONE",
            "routes": [
                [
                    {
                        "action": "pickup",
                        "req_id": 1,
                        "ready_time": 0.0,
                        "travel_time": 174.6353798358161,
                        "arrival_time": 174.6353798358161,
                        "service_start": 174.6353798358161,
                        "location": [
                            3712.7319634890814,
                            4009.9860910708107
                        ],
                        "prev_location": [
                            0.0,
                            0.0
                        ],
                        "vehicle_state": {
                            "busy_until": 174.6353798358161,
                            "remaining_capacity": 1.252505665673308,
                            "remaining_range": 525.3646201641839
                        },
                        "note": null
                    },
                    {
                        "action": "return_depot",
                        "req_id": null,
                        "ready_time": 174.6353798358161,
                        "travel_time": 174.6353798358161,
                        "arrival_time": 349.2707596716322,
                        "service_start": null,
                        "location": [
                            0.0,
                            0.0
                        ],
                        "prev_location": [
                            3712.7319634890814,
                            4009.9860910708107
                        ],
                        "vehicle_state": {
                            "remaining_capacity": 2.27,
                            "busy_until": 349.2707596716322,
                            "remaining_range": 700.0
                        },
                        "note": null
                    }
                ],
                [
                    {
                        "action": "pickup",
                        "req_id": 4,
                        "ready_time": 615.0211558031682,
                        "travel_time": 47.819162768289246,
                        "arrival_time": 662.8403185714575,
                        "service_start": 662.8403185714575,
                        "location": [
                            1431.7943220346929,
                            -434.9304563490527
                        ],
                        "prev_location": [
                            0.0,
                            0.0
                        ],
                        "vehicle_state": {
                            "busy_until": 662.8403185714575,
                            "remaining_capacity": 1.8361007717664926,
                            "remaining_range": 652.1808372317107
                        },
                        "note": null
                    },
                    {
                        "action": "return_depot",
                        "req_id": null,
                        "ready_time": 662.8403185714575,
                        "travel_time": 47.819162768289246,
                        "arrival_time": 710.6594813397468,
                        "service_start": null,
                        "location": [
                            0.0,
                            0.0
                        ],
                        "prev_location": [
                            1431.7943220346929,
                            -434.9304563490527
                        ],
                        "vehicle_state": {
                            "remaining_capacity": 2.27,
                            "busy_until": 710.6594813397468,
                            "remaining_range": 700.0
                        },
                        "note": null
                    }
                ],
                [
                    {
                        "action": "pickup",
                        "req_id": 6,
                        "ready_time": 750.2177654375784,
                        "travel_time": 206.1942040894621,
                        "arrival_time": 956.4119695270405,
                        "service_start": 956.4119695270405,
                        "location": [
                            -6382.668474630001,
                            -946.0081086742612
                        ],
                        "prev_location": [
                            0.0,
                            0.0
                        ],
                        "vehicle_state": {
                            "busy_until": 956.4119695270405,
                            "remaining_capacity": 2.1530850896464018,