{
    "execution_time": 3.582387685775757,
    "served": 10,
    "dropped": 2,
    "makespan": 1725.2413500440116,
    "routing_tree": "(add RT3 RT1)",
    "sequencing_tree": "(min ST0 ST2)",
    "vehicles": [
        {
            "id": 1,
            "type": "TRUCK",
            "routes": [
                [
                    {
                        "action": "pickup",
                        "req_id": 4,
                        "ready_time": 0.0,
                        "travel_time": 302.4282367427397,
                        "arrival_time": 302.4282367427397,
                        "service_start": 302.4282367427397,
                        "location": [
                            2082.755843882615,
                            4248.8975370632625
                        ],
                        "prev_location": [
                            0.0,
                            0.0
                        ],
                        "vehicle_state": {
                            "busy_until": 302.4282367427397,
                            "remaining_capacity": 399.32002613857816,
                            "remaining_range": null
                        },
                        "note": null
                    },
                    {
                        "action": "pickup",
                        "req_id": 8,
                        "ready_time": 302.4282367427397,
                        "travel_time": 122.50917067047772,
                        "arrival_time": 424.93740741321744,
                        "service_start": 424.93740741321744,
                        "location": [
                            2668.0223648994547,
                            6074.189491257728
                        ],
                        "prev_location": [
                            2082.755843882615,
                            4248.8975370632625
                        ],
                        "vehicle_state": {
                            "busy_until": 424.93740741321744,
                            "remaining_capacity": 399.0148660029301,
                            "remaining_range": null
                        },
                        "note": null
                    },
                    {
                        "action": "return_depot",
                        "req_id": null,
                        "ready_time": 424.93740741321744,
                        "travel_time": 424.01536005160534,
                        "arrival_time": 848.9527674648227,
                        "service_start": null,
                        "location": [
                            0.0,
                            0.0
                        ],
                        "prev_location": [
                            2668.0223648994547,
                            6074.189491257728
                        ],
                        "vehicle_state": {
                            "remaining_capacity": 400.0,
                            "busy_until": 848.9527674648227,
                            "remaining_range": null
                        },
                        "note": null
                    }
                ],
                [
                    {
                        "action": "pickup",
                        "req_id": 10,
                        "ready_time": 848.9527674648227,
                        "travel_time": 327.67679438849274,
                        "arrival_time": 1176.6295618533154,
                        "service_start": 1176.6295618533154,
                        "location": [
                            5097.5315218175165,
                            548.55605039047
                        ],
                        "prev_location": [
                            0.0,
                            0.0
                        ],
                        "vehicle_state": {
                            "busy_until": 1176.6295618533154,
                            "remaining_capacity": 399.4611985278678,
                            "remaining_range": null
                        },
                        "note": null
                    },
                    {
                        "action": "pickup",
                        "req_id": 5,
                        "ready_time": 1176.6295618533154,
                        "travel_time": 416.94432374271116,
                        "arrival_time": 1593.5738855960267,
                        "service_start": 1593.5738855960267,
                        "location": [
                            -1260.0628136201753,
                            -914.1006314829413
                        ],
                        "prev_location": [
                            5097.5315218175165,
                            548.55605039047
                        ],
                        "vehicle_state": {
                            "busy_until": 1593.5738855960267,
                            "remaining_capacity": 370.4410339424446,
                            "remaining_range": null
                        },
                        "note": null
                    },
                    {
                        "action": "return_depot",
                        "req_id": null,
                        "ready_time": 1593.5738855960267,
                        "travel_time": 99.49301474092111,
                        "arrival_time": 1693.0669003369478,
                        "service_start": null,
                        "location": [
                            0.0,
                            0.0
                        ],
                        "prev_location": [
                            -1260.0628136201753,
                            -914.1006314829413
                        ],
                        "vehicle_state": {
                            "remaining_capacity": 400.0,
                            "busy_until": 1693.0669003369478,
                            "remaining_range": null
                        },
                        "note": null
                    }
                ]
            ],
            "makespan": 1693.0669003369478
        },
        {
            "id": 2,
            "type": "DRONE",
            "routes": [
                [
                    {
                        "action": "pickup",
                        "req_id": 9,
                        "ready_time": 0.0,
                        "travel_time": 282.84669345305724,
                        "arrival_time": 282.84669345305724,
                        "service_start": 282.84669345305724,
                        "location": [
                            4162.36112456124,
                            -7811.28041106577
                        ],
                        "prev_location": [
                            0.0,
                            0.0
                        ],
                        "vehicle_state": {
                            "busy_until": 282.84669345305724,
                            "remaining_capacity": 1.9579399482628672,
                            "remaining_range": 417.15330654694276
                        },
                        "note": null
                    },
                    {
                        "action": "pickup",
                        "req_id": 1,
                        "ready_time": 282.84669345305724,
                        "travel_time": 23.915836378579893,
                        "arrival_time": 306.76252983163715,
                        "service_start": 306.76252983163715,
                        "location": [
                            3565.6815632438206,
                            -7359.543420174908
                        ],
                        "prev_location": [
                            4162.36112456124,
                            -7811.28041106577
                        ],
                        "vehicle_state": {
                            "busy_until": 306.76252983163715,