{
    "execution_time": 1.8225905895233154,
    "served": 4,
    "dropped": 2,
    "makespan": 611.8267756454693,
    "routing_tree": "(sub (min RT3 (sub RT3 RT3)) (max RT3 (div RT4 RT3)))",
    "sequencing_tree": "(div (min ST0 ST3) ST0)",
    "vehicles": [
        {
            "id": 1,
            "type": "TRUCK",
            "routes": [
                [
                    {
                        "action": "pickup",
                        "req_id": 6,
                        "ready_time": 0.0,
                        "travel_time": 206.88265147689808,
                        "arrival_time": 206.88265147689808,
                        "service_start": 206.88265147689808,
                        "location": [
                            2475.3546303412254,
                            2085.8058240881246
                        ],
                        "prev_location": [
                            0.0,
                            0.0
                        ],
                        "vehicle_state": {
                            "busy_until": 206.88265147689808,
                            "remaining_capacity": 398.98726007024527,
                            "remaining_range": null
                        },
                        "note": null
                    },
                    {
                        "action": "pickup",
                        "req_id": 5,
                        "ready_time": 206.88265147689808,
                        "travel_time": 247.67207609823208,
                        "arrival_time": 454.5547275751302,
                        "service_start": 454.5547275751302,
                        "location": [
                            -1399.3309789937096,
                            2024.134609077883
                        ],
                        "prev_location": [
                            2475.3546303412254,
                            2085.8058240881246
                        ],
                        "vehicle_state": {
                            "busy_until": 454.5547275751302,
                            "remaining_capacity": 398.7263155408907,
                            "remaining_range": null
                        },
                        "note": null
                    },
                    {
                        "action": "return_depot",
                        "req_id": null,
                        "ready_time": 454.5547275751302,
                        "travel_time": 157.27204807033914,
                        "arrival_time": 611.8267756454693,
                        "service_start": null,
                        "location": [
                            0.0,
                            0.0
                        ],
                        "prev_location": [
                            -1399.3309789937096,
                            2024.134609077883
                        ],
                        "vehicle_state": {
                            "remaining_capacity": 400.0,
                            "busy_until": 611.8267756454693,
                            "remaining_range": null
                        },
                        "note": null
                    }
                ]
            ],
            "makespan": 611.8267756454693
        },
        {
            "id": 2,
            "type": "DRONE",
            "routes": [
                [
                    {
                        "action": "pickup",
                        "req_id": 2,
                        "ready_time": 0.0,
                        "travel_time": 163.35292507912985,
                        "arrival_time": 163.35292507912985,
                        "service_start": 163.35292507912985,
                        "location": [
                            -3392.587094910291,
                            -3823.6827232443184
                        ],
                        "prev_location": [
                            0.0,
                            0.0
                        ],
                        "vehicle_state": {
                            "busy_until": 163.35292507912985,
                            "remaining_capacity": 1.3572175811884604,
                            "remaining_range": 536.6470749208702
                        },
                        "note": null
                    },
                    {
                        "action": "return_depot",
                        "req_id": null,
                        "ready_time": 163.35292507912985,
                        "travel_time": 163.35292507912985,
                        "arrival_time": 326.7058501582597,
                        "service_start": null,
                        "location": [
                            0.0,
                            0.0
                        ],
                        "prev_location": [
                            -3392.587094910291,
                            -3823.6827232443184
                        ],
                        "vehicle_state": {
                            "remaining_capacity": 2.27,
                            "busy_until": 326.7058501582597,
                            "remaining_range": 700.0
                        },
                        "note": null
                    }
                ],
                [
                    {
                        "action": "pickup",
                        "req_id": 4,
                        "ready_time": 326.7058501582597,
                        "travel_time": 132.1302460035581,
                        "arrival_time": 458.8360961618178,
                        "service_start": 458.8360961618178,
                        "location": [
                            1902.4264417651648,
                            3671.066255735202
                        ],
                        "prev_location": [
                            0.0,
                            0.0
                        ],
                        "vehicle_state": {
                            "busy_until": 458.8360961618178,
                            "remaining_capacity": 2.056037287847022,
                            "remaining_range": 567.8697539964419
                        },
                        "note": null
                    },
                    {
                        "action": "return_depot",
                        "req_id": null,
                        "ready_time": 458.8360961618178,
                        "travel_time": 132.1302460035581,
                        "arrival_time": 590.9663421653759,
                        "service_start": null,
                        "location": [
                            0.0,
                            0.0
                        ],
                        "prev_location": [
                            1902.4264417651648,
                            3671.066255735202
                        ],
                        "vehicle_state": {
                            "remaining_capacity": 2.27,
                            "busy_until": 590.9663421653759,
                            "remaining_range": 700.0
                        },
                        "note": null
                    }
                ]
            ],
            "makespan": 590.9663421653759
        }
    ]
}