{
    "served": 72,
    "dropped": 28,
    "makespan": 4420.153939007383,
    "routing_tree": "(div (mul (max (mul (add RT2 RT1) RT2) (sub RT0 RT4)) (max (add RT5 RT4) RT4)) (max (max RT4 RT1) (sub (min RT1 RT5) (add RT1 RT5))))",
    "sequencing_tree": "ST4",
    "vehicles": [
        {
            "id": 1,
            "type": "TRUCK",
            "routes": [
                [
                    98,
                    51,
                    17,
                    79,
                    2,
                    71,
                    11,
                    58,
                    72,
                    61,
                    87,
                    85,
                    40,
                    14,
                    24,
                    65,
                    73,
                    50,
                    77,
                    6
                ]
            ],
            "makespan": 4171.608542875927
        },
        {
            "id": 2,
            "type": "TRUCK",
            "routes": [
                [
                    96,
                    20,
                    84,
                    27,
                    94,
                    18,
                    35,
                    3,
                    80,
                    69,
                    53,
                    55,
                    100,
                    54,
                    43,
                    21,
                    46,
                    9,
                    23,
                    62
                ]
            ],
            "makespan": 4252.226680219308
        },
        {
            "id": 3,
            "type": "TRUCK",
            "routes": [
                [
                    64,
                    56,
                    36,
                    91,
                    99,
                    52,
                    29,
                    59,
                    38,
                    4,
                    15
                ],
                [
                    10
                ]
            ],
            "makespan": 4393.86905273568
        },
        {
            "id": 4,
            "type": "TRUCK",
            "routes": [
                [
                    63,
                    44,
                    47,
                    49,
                    37,
                    70,
                    32,
                    16,
                    82,
                    33,
                    25
                ]
            ],
            "makespan": 4420.153939007383
        },
        {
            "id": 5,
            "type": "DRONE",
            "routes": [
                [
                    7,
                    39,
                    8
                ]
            ],
            "makespan": 1110.8077775322354
        },
        {
            "id": 6,
            "type": "DRONE",
            "routes": [
                [
                    48,
                    5
                ]
            ],
            "makespan": 2947.9564817061328
        },
        {
            "id": 7,
            "type": "DRONE",
            "routes": [
                [
                    93,
                    95
                ],
                [
                    45
                ]
            ],
            "makespan": 4139.971776967391
        },
        {
            "id": 8,
            "type": "DRONE",
            "routes": [
                [
                    90
                ]
            ],
            "makespan": 697.4192416005092
        }
    ]
}