{
    "execution_time": 7.177007675170898,
    "served": 11,
    "dropped": 9,
    "makespan": 5491.325056615556,
    "routing_tree": "(add RT3 RT1)",
    "sequencing_tree": "(min ST0 ST2)",
    "vehicles": [
        {
            "id": 1,
            "type": "TRUCK",
            "routes": [
                [
                    {
                        "action": "pickup",
                        "req_id": 11,
                        "ready_time": 0.0,
                        "travel_time": 725.6162086256354,
                        "arrival_time": 725.6162086256354,
                        "service_start": 725.6162086256354,
                        "location": [
                            -8181.776961863436,
                            -7871.183224455139
                        ],
                        "prev_location": [
                            0.0,
                            0.0
                        ],
                        "vehicle_state": {
                            "busy_until": 725.6162086256354,
                            "remaining_capacity": 399.0718442661696,
                            "remaining_range": null
                        },
                        "note": null
                    },
                    {
                        "action": "pickup",
                        "req_id": 2,
                        "ready_time": 725.6162086256354,
                        "travel_time": 375.84904659767716,
                        "arrival_time": 1101.4652552233126,
                        "service_start": 1101.4652552233126,
                        "location": [
                            -13709.17550662013,
                            -9878.747864206256
                        ],
                        "prev_location": [
                            -8181.776961863436,
                            -7871.183224455139
                        ],
                        "vehicle_state": {
                            "busy_until": 1101.4652552233126,
                            "remaining_capacity": 398.40213712778285,
                            "remaining_range": null
                        },
                        "note": null
                    },
                    {
                        "action": "return_depot",
                        "req_id": null,
                        "ready_time": 1101.4652552233126,
                        "travel_time": 1079.9715634783795,
                        "arrival_time": 2181.436818701692,
                        "service_start": null,
                        "location": [
                            0.0,
                            0.0
                        ],
                        "prev_location": [
                            -13709.17550662013,
                            -9878.747864206256
                        ],
                        "vehicle_state": {
                            "remaining_capacity": 400.0,
                            "busy_until": 2181.436818701692,
                            "remaining_range": null
                        },
                        "note": null
                    }
                ],
                [
                    {
                        "action": "pickup",
                        "req_id": 8,
                        "ready_time": 2977.14946576022,
                        "travel_time": 1065.4345076312736,
                        "arrival_time": 4042.5839733914936,
                        "service_start": 4042.5839733914936,
                        "location": [
                            11970.68180981737,
                            11601.673492390772
                        ],
                        "prev_location": [
                            0.0,
                            0.0
                        ],
                        "vehicle_state": {
                            "busy_until": 4042.5839733914936,
                            "remaining_capacity": 397.22581636855193,
                            "remaining_range": null
                        },
                        "note": null
                    },
                    {
                        "action": "pickup",
                        "req_id": 3,
                        "ready_time": 4042.5839733914936,
                        "travel_time": 257.89158447875394,
                        "arrival_time": 4300.475557870248,
                        "service_start": 4300.475557870248,
                        "location": [
                            15693.214826388526,
                            10044.568072912067
                        ],
                        "prev_location": [
                            11970.68180981737,
                            11601.673492390772
                        ],
                        "vehicle_state": {
                            "busy_until": 4300.475557870248,
                            "remaining_capacity": 396.1982663431188,
                            "remaining_range": null
                        },
                        "note": null
                    },
                    {
                        "action": "return_depot",
                        "req_id": null,
                        "ready_time": 4300.475557870248,
                        "travel_time": 1190.849498745308,
                        "arrival_time": 5491.325056615556,
                        "service_start": null,
                        "location": [
                            0.0,
                            0.0
                        ],
                        "prev_location": [
                            15693.214826388526,
                            10044.568072912067
                        ],
                        "vehicle_state": {
                            "remaining_capacity": 400.0,
                            "busy_until": 5491.325056615556,
                            "remaining_range": null
                        },
                        "note": null
                    }
                ]
            ],
            "makespan": 5491.325056615556
        },
        {
            "id": 2,
            "type": "TRUCK",
            "routes": [
                [
                    {
                        "action": "pickup",
                        "req_id": 16,
                        "ready_time": 0.0,
                        "travel_time": 677.8233898702979,
                        "arrival_time": 677.8233898702979,
                        "service_start": 677.8233898702979,
                        "location": [
                            -2245.289356461031,
                            10365.0961751733
                        ],
                        "prev_location": [
                            0.0,
                            0.0
                        ],
                        "vehicle_state": {
                            "busy_until": 677.8233898702979,
                            "remaining_capacity": 377.9799795847048,
                            "remaining_range": null
                        },
                        "note": null
                    },
                    {
                        "action": "pickup",
                        "req_id": 20,
                        "ready_time": 677.8233898702979,
                        "travel_time": 427.46116197562753,
                        "arrival_time": 1105.2845518459253,
                        "service_start": 1105.2845518459253,
                        "location": [
                            -8411.624963521812,
                            12955.212640679829
                        ],
                        "prev_location": [
                            -2245.289356461031,
                            10365.0961751733
                        ],
                        "vehicle_state": {
                            "busy_until": 1105.2845518459253,
                            "remaining_capacity": 377.870368131218,