{
    "execution_time": 2.68915057182312,
    "served": 5,
    "dropped": 5,
    "makespan": 1508.868455825553,
    "routing_tree": "(add RT3 RT1)",
    "sequencing_tree": "(min ST0 ST2)",
    "vehicles": [
        {
            "id": 1,
            "type": "TRUCK",
            "routes": [
                [
                    {
                        "action": "pickup",
                        "req_id": 4,
                        "ready_time": 0.0,
                        "travel_time": 347.99200471633714,
                        "arrival_time": 347.99200471633714,
                        "service_start": 347.99200471633714,
                        "location": [
                            2250.8254902254316,
                            4957.809228020406
                        ],
                        "prev_location": [
                            0.0,
                            0.0
                        ],
                        "vehicle_state": {
                            "busy_until": 347.99200471633714,
                            "remaining_capacity": 391.0922262523436,
                            "remaining_range": null
                        },
                        "note": null
                    },
                    {
                        "action": "pickup",
                        "req_id": 5,
                        "ready_time": 347.99200471633714,
                        "travel_time": 227.62674651936783,
                        "arrival_time": 575.618751235705,
                        "service_start": 575.618751235705,
                        "location": [
                            2617.692734720963,
                            1415.2156334599583
                        ],
                        "prev_location": [
                            2250.8254902254316,
                            4957.809228020406
                        ],
                        "vehicle_state": {
                            "busy_until": 575.618751235705,
                            "remaining_capacity": 372.2017355246012,
                            "remaining_range": null
                        },
                        "note": null
                    },
                    {
                        "action": "return_depot",
                        "req_id": null,
                        "ready_time": 575.618751235705,
                        "travel_time": 190.18819013907876,
                        "arrival_time": 765.8069413747837,
                        "service_start": null,
                        "location": [
                            0.0,
                            0.0
                        ],
                        "prev_location": [
                            2617.692734720963,
                            1415.2156334599583
                        ],
                        "vehicle_state": {
                            "remaining_capacity": 400.0,
                            "busy_until": 765.8069413747837,
                            "remaining_range": null
                        },
                        "note": null
                    }
                ]
            ],
            "makespan": 765.8069413747837
        },
        {
            "id": 2,
            "type": "DRONE",
            "routes": [
                [
                    {
                        "action": "pickup",
                        "req_id": 6,
                        "ready_time": 0.0,
                        "travel_time": 327.9975528188313,
                        "arrival_time": 327.9975528188313,
                        "service_start": 327.9975528188313,
                        "location": [
                            -7742.625339172207,
                            -6738.001567012059
                        ],
                        "prev_location": [
                            0.0,
                            0.0
                        ],
                        "vehicle_state": {
                            "busy_until": 327.9975528188313,
                            "remaining_capacity": 1.9259058663143276,
                            "remaining_range": 372.0024471811687
                        },
                        "note": null
                    },
                    {
                        "action": "return_depot",
                        "req_id": null,
                        "ready_time": 327.9975528188313,
                        "travel_time": 327.9975528188313,
                        "arrival_time": 655.9951056376626,
                        "service_start": null,
                        "location": [
                            0.0,
                            0.0
                        ],
                        "prev_location": [
                            -7742.625339172207,
                            -6738.001567012059
                        ],
                        "vehicle_state": {
                            "remaining_capacity": 2.27,
                            "busy_until": 655.9951056376626,
                            "remaining_range": 700.0
                        },
                        "note": null
                    }
                ],
                [
                    {
                        "action": "pickup",
                        "req_id": 9,
                        "ready_time": 655.9951056376626,
                        "travel_time": 200.1411114774825,
                        "arrival_time": 856.1362171151451,
                        "service_start": 856.1362171151451,
                        "location": [
                            3040.417394687861,
                            5475.465971248728
                        ],
                        "prev_location": [
                            0.0,
                            0.0
                        ],
                        "vehicle_state": {
                            "busy_until": 856.1362171151451,
                            "remaining_capacity": 1.2562325519359223,
                            "remaining_range": 499.85888852251753
                        },
                        "note": null
                    },
                    {
                        "action": "return_depot",
                        "req_id": null,
                        "ready_time": 856.1362171151451,
                        "travel_time": 200.1411114774825,
                        "arrival_time": 1056.2773285926276,
                        "service_start": null,
                        "location": [
                            0.0,
                            0.0
                        ],
                        "prev_location": [
                            3040.417394687861,
                            5475.465971248728
                        ],
                        "vehicle_state": {
                            "remaining_capacity": 2.27,
                            "busy_until": 1056.2773285926276,
                            "remaining_range": 700.0
                        },
                        "note": null
                    }
                ],
                [
                    {
                        "action": "pickup",
                        "req_id": 2,
                        "ready_time": 1056.2773285926276,
                        "travel_time": 226.29556361646277,
                        "arrival_time": 1282.5728922090902,
                        "service_start": 1282.5728922090902,
                        "location": [
                            -3154.874671614199,
                            6339.8186647555785
                        ],
                        "prev_location": [
                            0.0,
                            0.0
                        ],
                        "vehicle_state": {
                            "busy_until": 1282.5728922090902,
                            "remaining_capacity": 1.420154587180011,