{
    "execution_time": 2.8347082138061523,
    "served": 11,
    "dropped": 1,
    "makespan": 1128.7509771073765,
    "routing_tree": "RT3",
    "sequencing_tree": "ST2",
    "vehicles": [
        {
            "id": 1,
            "type": "TRUCK",
            "routes": [
                [
                    {
                        "action": "pickup",
                        "req_id": 11,
                        "ready_time": 0.0,
                        "travel_time": 137.2359651238252,
                        "arrival_time": 137.2359651238252,
                        "service_start": 137.2359651238252,
                        "location": [
                            459.26823997833276,
                            -2097.5581310396165
                        ],
                        "prev_location": [
                            0.0,
                            0.0
                        ],
                        "vehicle_state": {
                            "busy_until": 137.2359651238252,
                            "remaining_capacity": 399.71249160695476,
                            "remaining_range": null
                        },
                        "note": null
                    },
                    {
                        "action": "pickup",
                        "req_id": 1,
                        "ready_time": 137.2359651238252,
                        "travel_time": 138.93683236574796,
                        "arrival_time": 276.17279748957316,
                        "service_start": 276.17279748957316,
                        "location": [
                            1787.1659274054944,
                            -3818.7090491907743
                        ],
                        "prev_location": [
                            459.26823997833276,
                            -2097.5581310396165
                        ],
                        "vehicle_state": {
                            "busy_until": 276.17279748957316,
                            "remaining_capacity": 398.5828651472851,
                            "remaining_range": null
                        },
                        "note": null
                    },
                    {
                        "action": "return_depot",
                        "req_id": null,
                        "ready_time": 276.17279748957316,
                        "travel_time": 269.4689376699742,
                        "arrival_time": 545.6417351595474,
                        "service_start": null,
                        "location": [
                            0.0,
                            0.0
                        ],
                        "prev_location": [
                            1787.1659274054944,
                            -3818.7090491907743
                        ],
                        "vehicle_state": {
                            "remaining_capacity": 400.0,
                            "busy_until": 545.6417351595474,
                            "remaining_range": null
                        },
                        "note": null
                    }
                ],
                [
                    {
                        "action": "pickup",
                        "req_id": 3,
                        "ready_time": 545.6417351595474,
                        "travel_time": 59.666652049955125,
                        "arrival_time": 605.3083872095025,
                        "service_start": 605.3083872095025,
                        "location": [
                            904.5274510380428,
                            231.04083997553775
                        ],
                        "prev_location": [
                            0.0,
                            0.0
                        ],
                        "vehicle_state": {
                            "busy_until": 605.3083872095025,
                            "remaining_capacity": 399.12415323365605,
                            "remaining_range": null
                        },
                        "note": null
                    },
                    {
                        "action": "pickup",
                        "req_id": 10,
                        "ready_time": 605.3083872095025,
                        "travel_time": 221.70424797617,
                        "arrival_time": 827.0126351856725,
                        "service_start": 827.0126351856725,
                        "location": [
                            -782.6823025141509,
                            -2799.8675279691274
                        ],
                        "prev_location": [
                            904.5274510380428,
                            231.04083997553775
                        ],
                        "vehicle_state": {
                            "busy_until": 827.0126351856725,
                            "remaining_capacity": 398.7548516714075,
                            "remaining_range": null
                        },
                        "note": null
                    },
                    {
                        "action": "pickup",
                        "req_id": 12,
                        "ready_time": 827.0126351856725,
                        "travel_time": 43.42903319254564,
                        "arrival_time": 870.4416683782181,
                        "service_start": 870.4416683782181,
                        "location": [
                            -1419.0703891928406,
                            -3038.0719760731104
                        ],
                        "prev_location": [
                            -782.6823025141509,
                            -2799.8675279691274
                        ],
                        "vehicle_state": {
                            "busy_until": 870.4416683782181,
                            "remaining_capacity": 375.32393822138954,
                            "remaining_range": null
                        },
                        "note": null
                    },
                    {
                        "action": "return_depot",
                        "req_id": null,
                        "ready_time": 870.4416683782181,
                        "travel_time": 214.30834266807761,
                        "arrival_time": 1084.7500110462956,
                        "service_start": null,
                        "location": [
                            0.0,
                            0.0
                        ],
                        "prev_location": [
                            -1419.0703891928406,
                            -3038.0719760731104
                        ],
                        "vehicle_state": {
                            "remaining_capacity": 400.0,
                            "busy_until": 1084.7500110462956,
                            "remaining_range": null
                        },
                        "note": null
                    }
                ]
            ],
            "makespan": 1084.7500110462956
        },
        {
            "id": 2,
            "type": "DRONE",
            "routes": [
                [
                    {
                        "action": "pickup",
                        "req_id": 7,
                        "ready_time": 0.0,
                        "travel_time": 91.02942963714206,
                        "arrival_time": 91.02942963714206,
                        "service_start": 91.02942963714206,
                        "location": [
                            477.56822321025396,
                            2808.2477353438653
                        ],
                        "prev_location": [
                            0.0,
                            0.0
                        ],
                        "vehicle_state": {
                            "busy_until": 91.02942963714206,
                            "remaining_capacity": 1.3899231473501907,