{
    "served": 19,
    "dropped": 1,
    "makespan": 680.1370938474126,
    "routing_tree": "(add RT0 RT2)",
    "sequencing_tree": "(min ST0 ST3)",
    "vehicles": [
        {
            "id": 1,
            "type": "TRUCK",
            "routes": [
                [
                    17,
                    6,
                    8,
                    20
                ]
            ],
            "makespan": 652.417011221524
        },
        {
            "id": 2,
            "type": "TRUCK",
            "routes": [
                [
                    9,
                    1,
                    10,
                    18,
                    11,
                    12
                ]
            ],
            "makespan": 680.1370938474126
        },
        {
            "id": 3,
            "type": "DRONE",
            "routes": [
                [
                    2,
                    4,
                    16,
                    15
                ]
            ],
            "makespan": 455.84335848717143
        },
        {
            "id": 4,
            "type": "DRONE",
            "routes": [
                [
                    3,
                    5,
                    7,
                    19,
                    13
                ]
            ],
            "makespan": 624.0566005175616
        }
    ]
}