{
    "execution_time": 2.9862029552459717,
    "served": 9,
    "dropped": 1,
    "makespan": 753.1453364858946,
    "routing_tree": "(add RT3 RT1)",
    "sequencing_tree": "(min ST0 ST2)",
    "vehicles": [
        {
            "id": 1,
            "type": "TRUCK",
            "routes": [
                [
                    {
                        "action": "pickup",
                        "req_id": 5,
                        "ready_time": 0.0,
                        "travel_time": 243.53544673567518,
                        "arrival_time": 243.53544673567518,
                        "service_start": 243.53544673567518,
                        "location": [
                            -2268.700178651869,
                            -3061.462341725128
                        ],
                        "prev_location": [
                            0.0,
                            0.0
                        ],
                        "vehicle_state": {
                            "busy_until": 243.53544673567518,
                            "remaining_capacity": 370.3112978246573,
                            "remaining_range": null
                        },
                        "note": null
                    },
                    {
                        "action": "pickup",
                        "req_id": 8,
                        "ready_time": 243.53544673567518,
                        "travel_time": 90.12205722009033,
                        "arrival_time": 333.6575039557655,
                        "service_start": 333.6575039557655,
                        "location": [
                            -3674.339252231449,
                            -2949.56670128371
                        ],
                        "prev_location": [
                            -2268.700178651869,
                            -3061.462341725128
                        ],
                        "vehicle_state": {
                            "busy_until": 333.6575039557655,
                            "remaining_capacity": 369.9430294417584,
                            "remaining_range": null
                        },
                        "note": null
                    },
                    {
                        "action": "return_depot",
                        "req_id": null,
                        "ready_time": 333.6575039557655,
                        "travel_time": 301.1404043483633,
                        "arrival_time": 634.7979083041288,
                        "service_start": null,
                        "location": [
                            0.0,
                            0.0
                        ],
                        "prev_location": [
                            -3674.339252231449,
                            -2949.56670128371
                        ],
                        "vehicle_state": {
                            "remaining_capacity": 400.0,
                            "busy_until": 634.7979083041288,
                            "remaining_range": null
                        },
                        "note": null
                    }
                ]
            ],
            "makespan": 634.7979083041288
        },
        {
            "id": 2,
            "type": "DRONE",
            "routes": [
                [
                    {
                        "action": "pickup",
                        "req_id": 10,
                        "ready_time": 0.0,
                        "travel_time": 132.2027263072044,
                        "arrival_time": 132.2027263072044,
                        "service_start": 132.2027263072044,
                        "location": [
                            1079.2808144231813,
                            3993.7285743734137
                        ],
                        "prev_location": [
                            0.0,
                            0.0
                        ],
                        "vehicle_state": {
                            "busy_until": 132.2027263072044,
                            "remaining_capacity": 2.125499939652858,
                            "remaining_range": 567.7972736927957
                        },
                        "note": null
                    },
                    {
                        "action": "pickup",
                        "req_id": 7,
                        "ready_time": 132.2027263072044,
                        "travel_time": 91.60730055833822,
                        "arrival_time": 223.81002686554262,
                        "service_start": 223.81002686554262,
                        "location": [
                            3945.2865684600592,
                            3933.0068001946343
                        ],
                        "prev_location": [
                            1079.2808144231813,
                            3993.7285743734137
                        ],
                        "vehicle_state": {
                            "busy_until": 223.81002686554262,
                            "remaining_capacity": 1.4725336730217347,
                            "remaining_range": 476.18997313445743
                        },
                        "note": null
                    },
                    {
                        "action": "return_depot",
                        "req_id": null,
                        "ready_time": 223.81002686554262,
                        "travel_time": 178.02182713781036,
                        "arrival_time": 401.831854003353,
                        "service_start": null,
                        "location": [
                            0.0,
                            0.0
                        ],
                        "prev_location": [
                            3945.2865684600592,
                            3933.0068001946343
                        ],
                        "vehicle_state": {
                            "remaining_capacity": 2.27,
                            "busy_until": 401.831854003353,
                            "remaining_range": 700.0
                        },
                        "note": null
                    }
                ],
                [
                    {
                        "action": "pickup",
                        "req_id": 2,
                        "ready_time": 401.831854003353,
                        "travel_time": 47.972248410983475,
                        "arrival_time": 449.80410241433646,
                        "service_start": 449.80410241433646,
                        "location": [
                            1401.5365537052292,
                            537.8239678469336
                        ],
                        "prev_location": [
                            0.0,
                            0.0
                        ],
                        "vehicle_state": {
                            "busy_until": 449.80410241433646,
                            "remaining_capacity": 1.4711566264672618,
                            "remaining_range": 652.0277515890165
                        },
                        "note": null
                    },
                    {
                        "action": "pickup",
                        "req_id": 1,
                        "ready_time": 449.80410241433646,
                        "travel_time": 18.022267961256688,
                        "arrival_time": 467.8263703755931,
                        "service_start": 467.8263703755931,
                        "location": [
                            1870.061777121,
                            223.90813837489196
                        ],
                        "prev_location": [
                            1401.5365537052292,
                            537.8239678469336
                        ],
                        "vehicle_state": {
                            "busy_until": 467.8263703755931,