{
    "served": 75,
    "dropped": 25,
    "makespan": 8935.568247192483,
    "routing_tree": "(add RT2 (add (add (min RT1 (div RT3 RT2)) RT0) RT5))",
    "sequencing_tree": "(mul ST5 (mul ST5 (max (div ST5 ST3) ST5)))",
    "vehicles": [
        {
            "id": 1,
            "type": "TRUCK",
            "routes": [
                [
                    40,
                    70,
                    73,
                    85,
                    4,
                    18,
                    37,
                    19
                ],
                [
                    35,
                    32,
                    31,
                    17,
                    68
                ]
            ],
            "makespan": 8862.958310491607
        },
        {
            "id": 2,
            "type": "TRUCK",
            "routes": [
                [
                    41,
                    61,
                    45,
                    95,
                    47,
                    30,
                    12
                ],
                [
                    52,
                    96,
                    71,
                    27,
                    42,
                    21,
                    82,
                    63,
                    5,
                    90
                ]
            ],
            "makespan": 8466.016466480321
        },
        {
            "id": 3,
            "type": "TRUCK",
            "routes": [
                [
                    60,
                    59,
                    13,
                    29,
                    87,
                    38,
                    50,
                    54
                ],
                [
                    81,
                    84,
                    62,
                    36,
                    94,
                    3,
                    1,
                    78
                ]
            ],
            "makespan": 8935.568247192483
        },
        {
            "id": 4,
            "type": "TRUCK",
            "routes": [
                [
                    25,
                    91,
                    58,
                    24,
                    48,
                    26,
                    67,
                    43
                ],
                [
                    33,
                    88,
                    66,
                    44,
                    46,
                    28,
                    51,
                    53,
                    98,
                    9
                ]
            ],
            "makespan": 8712.943715053758
        },
        {
            "id": 5,
            "type": "DRONE",
            "routes": [
                [
                    10,
                    16
                ],
                [
                    93
                ],
                [
                    49
                ]
            ],
            "makespan": 2594.2371471995334
        },
        {
            "id": 6,
            "type": "DRONE",
            "routes": [
                [
                    92,
                    77
                ]
            ],
            "makespan": 581.9448605722739
        },
        {
            "id": 7,
            "type": "DRONE",
            "routes": [
                [
                    76
                ],
                [
                    55
                ]
            ],
            "makespan": 8620.611343123697
        },
        {
            "id": 8,
            "type": "DRONE",
            "routes": [
                [
                    74,
                    57
                ],
                [
                    2
                ]
            ],
            "makespan": 1943.1954114500481
        }
    ]
}