{
    "execution_time": 2.8464694023132324,
    "served": 5,
    "dropped": 5,
    "makespan": 5015.234102847547,
    "routing_tree": "(add RT3 RT1)",
    "sequencing_tree": "(min ST0 ST2)",
    "vehicles": [
        {
            "id": 1,
            "type": "TRUCK",
            "routes": [
                [
                    {
                        "action": "pickup",
                        "req_id": 6,
                        "ready_time": 0.0,
                        "travel_time": 958.199709476384,
                        "arrival_time": 958.199709476384,
                        "service_start": 958.199709476384,
                        "location": [
                            -4605.249524237464,
                            14267.551050423
                        ],
                        "prev_location": [
                            0.0,
                            0.0
                        ],
                        "vehicle_state": {
                            "busy_until": 958.199709476384,
                            "remaining_capacity": 399.53134052272793,
                            "remaining_range": null
                        },
                        "note": null
                    },
                    {
                        "action": "pickup",
                        "req_id": 3,
                        "ready_time": 958.199709476384,
                        "travel_time": 78.53145752959918,
                        "arrival_time": 1036.7311670059833,
                        "service_start": 1036.7311670059833,
                        "location": [
                            -5308.138771549942,
                            15275.388049198684
                        ],
                        "prev_location": [
                            -4605.249524237464,
                            14267.551050423
                        ],
                        "vehicle_state": {
                            "busy_until": 1036.7311670059833,
                            "remaining_capacity": 399.10050747872657,
                            "remaining_range": null
                        },
                        "note": null
                    },
                    {
                        "action": "return_depot",
                        "req_id": null,
                        "ready_time": 1036.7311670059833,
                        "travel_time": 1033.5533316258686,
                        "arrival_time": 2070.284498631852,
                        "service_start": null,
                        "location": [
                            0.0,
                            0.0
                        ],
                        "prev_location": [
                            -5308.138771549942,
                            15275.388049198684
                        ],
                        "vehicle_state": {
                            "remaining_capacity": 400.0,
                            "busy_until": 2070.284498631852,
                            "remaining_range": null
                        },
                        "note": null
                    }
                ],
                [
                    {
                        "action": "pickup",
                        "req_id": 7,
                        "ready_time": 2819.610352560509,
                        "travel_time": 265.6804175052517,
                        "arrival_time": 3085.2907700657606,
                        "service_start": 3085.2907700657606,
                        "location": [
                            -3096.4381740610565,
                            -2773.488440164049
                        ],
                        "prev_location": [
                            0.0,
                            0.0
                        ],
                        "vehicle_state": {
                            "busy_until": 3085.2907700657606,
                            "remaining_capacity": 376.95241642277074,
                            "remaining_range": null
                        },
                        "note": null
                    },
                    {
                        "action": "pickup",
                        "req_id": 9,
                        "ready_time": 3085.2907700657606,
                        "travel_time": 857.224654267717,
                        "arrival_time": 3942.5154243334778,
                        "service_start": 3942.5154243334778,
                        "location": [
                            -4834.334345421083,
                            -16072.899408401117
                        ],
                        "prev_location": [
                            -3096.4381740610565,
                            -2773.488440164049
                        ],
                        "vehicle_state": {
                            "busy_until": 3942.5154243334778,
                            "remaining_capacity": 376.13913296697694,
                            "remaining_range": null
                        },
                        "note": null
                    },
                    {
                        "action": "return_depot",
                        "req_id": null,
                        "ready_time": 3942.5154243334778,
                        "travel_time": 1072.718678514069,
                        "arrival_time": 5015.234102847547,
                        "service_start": null,
                        "location": [
                            0.0,
                            0.0
                        ],
                        "prev_location": [
                            -4834.334345421083,
                            -16072.899408401117
                        ],
                        "vehicle_state": {
                            "remaining_capacity": 400.0,
                            "busy_until": 5015.234102847547,
                            "remaining_range": null
                        },
                        "note": null
                    }
                ]
            ],
            "makespan": 5015.234102847547
        },
        {
            "id": 2,
            "type": "DRONE",
            "routes": [
                [
                    {
                        "action": "pickup",
                        "req_id": 5,
                        "ready_time": 0.0,
                        "travel_time": 211.56029927786435,
                        "arrival_time": 211.56029927786435,
                        "service_start": 211.56029927786435,
                        "location": [
                            5190.910292617995,
                            -4108.893957843279
                        ],
                        "prev_location": [
                            0.0,
                            0.0
                        ],
                        "vehicle_state": {
                            "busy_until": 211.56029927786435,
                            "remaining_capacity": 1.28490123942689,
                            "remaining_range": 488.4397007221356
                        },
                        "note": null
                    },
                    {
                        "action": "return_depot",
                        "req_id": null,
                        "ready_time": 211.56029927786435,
                        "travel_time": 211.56029927786435,
                        "arrival_time": 423.1205985557287,
                        "service_start": null,
                        "location": [
                            0.0,
                            0.0
                        ],
                        "prev_location": [
                            5190.910292617995,
                            -4108.893957843279
                        ],
                        "vehicle_state": {
                            "remaining_capacity": 2.27,
                            "busy_until": 423.1205985557287,