{
    "served": 75,
    "dropped": 25,
    "makespan": 8980.406790559751,
    "routing_tree": "(max (max (add RT0 RT5) (max RT5 RT0)) (max RT2 RT2))",
    "sequencing_tree": "(mul (min (add ST0 ST2) (mul (sub ST4 ST4) ST0)) ST2)",
    "vehicles": [
        {
            "id": 1,
            "type": "TRUCK",
            "routes": [
                [
                    61,
                    41,
                    69,
                    31,
                    84,
                    89,
                    56,
                    36
                ],
                [
                    74,
                    83,
                    12,
                    82,
                    95,
                    5,
                    67,
                    77,
                    54,
                    86,
                    73,
                    99,
                    96
                ]
            ],
            "makespan": 8682.635756480924
        },
        {
            "id": 2,
            "type": "TRUCK",
            "routes": [
                [
                    97,
                    88,
                    98,
                    68,
                    51,
                    8,
                    27,
                    7,
                    48,
                    22
                ],
                [
                    49,
                    38,
                    62,
                    85,
                    78,
                    20
                ]
            ],
            "makespan": 8980.406790559751
        },
        {
            "id": 3,
            "type": "TRUCK",
            "routes": [
                [
                    58,
                    1,
                    66,
                    64,
                    17,
                    91,
                    59,
                    53,
                    50,
                    46,
                    45,
                    65,
                    79
                ]
            ],
            "makespan": 4419.857859198863
        },
        {
            "id": 4,
            "type": "TRUCK",
            "routes": [
                [
                    87,
                    55,
                    30,
                    100,
                    33,
                    80,
                    15
                ],
                [
                    14,
                    52,
                    57,
                    32,
                    90,
                    28,
                    37,
                    29,
                    63,
                    43
                ]
            ],
            "makespan": 8509.253453857824
        },
        {
            "id": 5,
            "type": "DRONE",
            "routes": [
                [
                    92,
                    42
                ],
                [
                    39
                ]
            ],
            "makespan": 8455.506817154737
        },
        {
            "id": 6,
            "type": "DRONE",
            "routes": [
                [
                    16,
                    21
                ]
            ],
            "makespan": 1404.8531359340263
        },
        {
            "id": 7,
            "type": "DRONE",
            "routes": [
                [
                    6
                ]
            ],
            "makespan": 698.5180861827304
        },
        {
            "id": 8,
            "type": "DRONE",
            "routes": [
                [
                    11,
                    71
                ]
            ],
            "makespan": 1537.3043342786254
        }
    ]
}