{
    "served": 74,
    "dropped": 26,
    "makespan": 14894.837543000436,
    "routing_tree": "(max RT3 RT5)",
    "sequencing_tree": "(add ST4 ST0)",
    "vehicles": [
        {
            "id": 1,
            "type": "TRUCK",
            "routes": [
                [
                    76,
                    7,
                    47,
                    93,
                    39,
                    28
                ],
                [
                    63,
                    86,
                    13,
                    12,
                    96,
                    98,
                    60
                ],
                [
                    79,
                    74,
                    14,
                    100,
                    46,
                    91,
                    29,
                    99,
                    59,
                    16,
                    3,
                    17
                ]
            ],
            "makespan": 14894.837543000436
        },
        {
            "id": 2,
            "type": "TRUCK",
            "routes": [
                [
                    92,
                    33,
                    89,
                    20,
                    9,
                    83,
                    66,
                    64,
                    4
                ],
                [
                    87,
                    19,
                    61,
                    11,
                    84,
                    21,
                    10
                ],
                [
                    15,
                    81,
                    31,
                    56,
                    37,
                    69,
                    26
                ]
            ],
            "makespan": 14851.192149934079
        },
        {
            "id": 3,
            "type": "TRUCK",
            "routes": [
                [
                    34,
                    54,
                    32,
                    5,
                    57,
                    71
                ],
                [
                    44,
                    73,
                    42,
                    27,
                    40,
                    23
                ]
            ],
            "makespan": 14615.070058125235
        },
        {
            "id": 4,
            "type": "TRUCK",
            "routes": [
                [
                    95
                ],
                [
                    67,
                    30
                ],
                [
                    82
                ],
                [
                    75,
                    22
                ]
            ],
            "makespan": 14624.221037385822
        },
        {
            "id": 5,
            "type": "DRONE",
            "routes": [
                [
                    48,
                    80,
                    45
                ],
                [
                    55
                ]
            ],
            "makespan": 1082.8961752750197
        },
        {
            "id": 6,
            "type": "DRONE",
            "routes": [
                [
                    25
                ]
            ],
            "makespan": 661.389315550945
        },
        {
            "id": 7,
            "type": "DRONE",
            "routes": [
                [
                    62
                ]
            ],
            "makespan": 1025.3351154489555
        },
        {
            "id": 8,
            "type": "DRONE",
            "routes": [
                [
                    36,
                    49
                ]
            ],
            "makespan": 1593.7140535143635
        }
    ]
}