{
    "execution_time": 3.6941611766815186,
    "served": 8,
    "dropped": 4,
    "makespan": 974.294714029954,
    "routing_tree": "RT3",
    "sequencing_tree": "(div ST2 ST0)",
    "vehicles": [
        {
            "id": 1,
            "type": "TRUCK",
            "routes": [
                [
                    {
                        "action": "pickup",
                        "req_id": 1,
                        "ready_time": 0.0,
                        "travel_time": 223.2094881466147,
                        "arrival_time": 223.2094881466147,
                        "service_start": 223.2094881466147,
                        "location": [
                            1783.5617391734854,
                            3002.655400061992
                        ],
                        "prev_location": [
                            0.0,
                            0.0
                        ],
                        "vehicle_state": {
                            "busy_until": 223.2094881466147,
                            "remaining_capacity": 371.9021314284931,
                            "remaining_range": null
                        },
                        "note": null
                    },
                    {
                        "action": "pickup",
                        "req_id": 5,
                        "ready_time": 223.2094881466147,
                        "travel_time": 76.97390525556949,
                        "arrival_time": 300.18339340218415,
                        "service_start": 300.18339340218415,
                        "location": [
                            2947.5151392022635,
                            3312.019842713638
                        ],
                        "prev_location": [
                            1783.5617391734854,
                            3002.655400061992
                        ],
                        "vehicle_state": {
                            "busy_until": 300.18339340218415,
                            "remaining_capacity": 371.249918713309,
                            "remaining_range": null
                        },
                        "note": null
                    },
                    {
                        "action": "return_depot",
                        "req_id": null,
                        "ready_time": 300.18339340218415,
                        "travel_time": 283.3659971379833,
                        "arrival_time": 583.5493905401675,
                        "service_start": null,
                        "location": [
                            0.0,
                            0.0
                        ],
                        "prev_location": [
                            2947.5151392022635,
                            3312.019842713638
                        ],
                        "vehicle_state": {
                            "remaining_capacity": 400.0,
                            "busy_until": 583.5493905401675,
                            "remaining_range": null
                        },
                        "note": null
                    }
                ],
                [
                    {
                        "action": "pickup",
                        "req_id": 4,
                        "ready_time": 583.5493905401675,
                        "travel_time": 113.12789315646165,
                        "arrival_time": 696.677283696629,
                        "service_start": 696.677283696629,
                        "location": [
                            -145.1512389013372,
                            -1764.0827153780979
                        ],
                        "prev_location": [
                            0.0,
                            0.0
                        ],
                        "vehicle_state": {
                            "busy_until": 696.677283696629,
                            "remaining_capacity": 399.1000896056,
                            "remaining_range": null
                        },
                        "note": null
                    },
                    {
                        "action": "return_depot",
                        "req_id": null,
                        "ready_time": 696.677283696629,
                        "travel_time": 113.12789315646165,
                        "arrival_time": 809.8051768530906,
                        "service_start": null,
                        "location": [
                            0.0,
                            0.0
                        ],
                        "prev_location": [
                            -145.1512389013372,
                            -1764.0827153780979
                        ],
                        "vehicle_state": {
                            "remaining_capacity": 400.0,
                            "busy_until": 809.8051768530906,
                            "remaining_range": null
                        },
                        "note": null
                    }
                ]
            ],
            "makespan": 809.8051768530906
        },
        {
            "id": 2,
            "type": "DRONE",
            "routes": [
                [
                    {
                        "action": "pickup",
                        "req_id": 8,
                        "ready_time": 0.0,
                        "travel_time": 96.98736712714447,
                        "arrival_time": 96.98736712714447,
                        "service_start": 96.98736712714447,
                        "location": [
                            -2231.9677755001176,
                            2056.594996864696
                        ],
                        "prev_location": [
                            0.0,
                            0.0
                        ],
                        "vehicle_state": {
                            "busy_until": 96.98736712714447,
                            "remaining_capacity": 1.3551555183627917,
                            "remaining_range": 603.0126328728555
                        },
                        "note": null
                    },
                    {
                        "action": "pickup",
                        "req_id": 9,
                        "ready_time": 96.98736712714447,
                        "travel_time": 87.5651427863939,
                        "arrival_time": 184.55250991353836,
                        "service_start": 184.55250991353836,
                        "location": [
                            -297.8536284194681,
                            3997.64395869035
                        ],
                        "prev_location": [
                            -2231.9677755001176,
                            2056.594996864696
                        ],
                        "vehicle_state": {
                            "busy_until": 184.55250991353836,
                            "remaining_capacity": 0.516828363883459,
                            "remaining_range": 515.4474900864616
                        },
                        "note": null
                    },
                    {
                        "action": "return_depot",
                        "req_id": null,
                        "ready_time": 184.55250991353836,
                        "travel_time": 128.10374065043652,
                        "arrival_time": 312.6562505639749,
                        "service_start": null,
                        "location": [
                            0.0,
                            0.0
                        ],
                        "prev_location": [
                            -297.8536284194681,
                            3997.64395869035
                        ],
                        "vehicle_state": {
                            "remaining_capacity": 2.27,
                            "busy_until": 312.6562505639749,