{
    "served": 89,
    "dropped": 11,
    "makespan": 8885.424533008752,
    "routing_tree": "(min RT3 RT2)",
    "sequencing_tree": "(mul (min (add ST0 ST2) (mul (sub ST4 ST4) (add ST0 ST0))) ST2)",
    "vehicles": [
        {
            "id": 1,
            "type": "TRUCK",
            "routes": [
                [
                    78,
                    19,
                    89,
                    77,
                    4,
                    12,
                    47,
                    7,
                    38,
                    39,
                    59,
                    98,
                    1
                ],
                [
                    73,
                    25,
                    81,
                    74,
                    99,
                    45,
                    15,
                    3,
                    43,
                    22
                ]
            ],
            "makespan": 8503.579501894275
        },
        {
            "id": 2,
            "type": "TRUCK",
            "routes": [
                [
                    50,
                    79,
                    63,
                    24,
                    84,
                    97,
                    23,
                    80,
                    85,
                    52,
                    21,
                    28
                ],
                [
                    54,
                    41,
                    37,
                    94,
                    14,
                    36,
                    62,
                    55
                ]
            ],
            "makespan": 8885.424533008752
        },
        {
            "id": 3,
            "type": "TRUCK",
            "routes": [
                [
                    33,
                    93,
                    16,
                    82,
                    65,
                    35,
                    57,
                    6,
                    13,
                    64
                ],
                [
                    67,
                    83,
                    42,
                    75,
                    20
                ]
            ],
            "makespan": 8552.553786377868
        },
        {
            "id": 4,
            "type": "TRUCK",
            "routes": [
                [
                    68,
                    56,
                    32,
                    11,
                    29,
                    40
                ],
                [
                    8,
                    96,
                    44,
                    53,
                    49,
                    34,
                    27,
                    51,
                    30,
                    92
                ]
            ],
            "makespan": 8545.552219228819
        },
        {
            "id": 5,
            "type": "DRONE",
            "routes": [
                [
                    5,
                    90
                ],
                [
                    18,
                    26
                ],
                [
                    61
                ]
            ],
            "makespan": 3918.8562597750265
        },
        {
            "id": 6,
            "type": "DRONE",
            "routes": [
                [
                    100,
                    88,
                    76
                ],
                [
                    31
                ],
                [
                    86
                ]
            ],
            "makespan": 3470.930666085234
        },
        {
            "id": 7,
            "type": "DRONE",
            "routes": [
                [
                    71,
                    91
                ]
            ],
            "makespan": 820.0542809996427
        },
        {
            "id": 8,
            "type": "DRONE",
            "routes": [
                [
                    60,
                    9
                ],
                [
                    10
                ]
            ],
            "makespan": 1719.4562389843463
        }
    ]
}