{
    "served": 84,
    "dropped": 16,
    "makespan": 15243.964853122623,
    "routing_tree": "(mul RT2 (mul RT2 RT3))",
    "sequencing_tree": "ST5",
    "vehicles": [
        {
            "id": 1,
            "type": "TRUCK",
            "routes": [
                [
                    91,
                    37,
                    13,
                    35,
                    44,
                    94,
                    28,
                    82
                ],
                [
                    24,
                    48,
                    81,
                    18,
                    90,
                    62,
                    63,
                    1,
                    68,
                    40,
                    8
                ]
            ],
            "makespan": 10661.621764388052
        },
        {
            "id": 2,
            "type": "TRUCK",
            "routes": [
                [
                    77,
                    17,
                    60,
                    14,
                    3,
                    36,
                    65,
                    7,
                    22,
                    72,
                    89
                ],
                [
                    25,
                    59,
                    58,
                    45
                ]
            ],
            "makespan": 15243.964853122623
        },
        {
            "id": 3,
            "type": "TRUCK",
            "routes": [
                [
                    52,
                    88,
                    4,
                    30,
                    67,
                    41,
                    64,
                    39,
                    76
                ],
                [
                    73,
                    61,
                    55,
                    31,
                    56
                ],
                [
                    54,
                    10,
                    50,
                    15,
                    46,
                    93
                ]
            ],
            "makespan": 15239.218033052912
        },
        {
            "id": 4,
            "type": "TRUCK",
            "routes": [
                [
                    47,
                    51,
                    33,
                    26,
                    87
                ],
                [
                    69,
                    20,
                    2,
                    95
                ],
                [
                    6,
                    75,
                    38,
                    97,
                    79,
                    80,
                    42,
                    99,
                    34
                ]
            ],
            "makespan": 14953.728066540436
        },
        {
            "id": 5,
            "type": "DRONE",
            "routes": [
                [
                    43,
                    85
                ],
                [
                    49,
                    57
                ]
            ],
            "makespan": 1204.2448639779982
        },
        {
            "id": 6,
            "type": "DRONE",
            "routes": [
                [
                    100,
                    74
                ]
            ],
            "makespan": 506.3368959760238
        },
        {
            "id": 7,
            "type": "DRONE",
            "routes": [
                [
                    11,
                    84
                ],
                [
                    5
                ]
            ],
            "makespan": 1030.2633254798805
        },
        {
            "id": 8,
            "type": "DRONE",
            "routes": [
                [
                    12,
                    71
                ],
                [
                    19
                ]
            ],
            "makespan": 14905.462983086089
        }
    ]
}