{
    "execution_time": 2.8625316619873047,
    "served": 6,
    "dropped": 4,
    "makespan": 5738.066783105982,
    "routing_tree": "(add RT3 RT1)",
    "sequencing_tree": "(min ST0 ST2)",
    "vehicles": [
        {
            "id": 1,
            "type": "TRUCK",
            "routes": [
                [
                    {
                        "action": "pickup",
                        "req_id": 5,
                        "ready_time": 0.0,
                        "travel_time": 1167.5440951748033,
                        "arrival_time": 1167.5440951748033,
                        "service_start": 1167.5440951748033,
                        "location": [
                            15934.66836514551,
                            8933.147463997324
                        ],
                        "prev_location": [
                            0.0,
                            0.0
                        ],
                        "vehicle_state": {
                            "busy_until": 1167.5440951748033,
                            "remaining_capacity": 399.11735769851987,
                            "remaining_range": null
                        },
                        "note": null
                    },
                    {
                        "action": "pickup",
                        "req_id": 2,
                        "ready_time": 1167.5440951748033,
                        "travel_time": 1016.9863938393305,
                        "arrival_time": 2184.5304890141338,
                        "service_start": 2184.5304890141338,
                        "location": [
                            812.0220865846995,
                            13883.189060391305
                        ],
                        "prev_location": [
                            15934.66836514551,
                            8933.147463997324
                        ],
                        "vehicle_state": {
                            "busy_until": 2184.5304890141338,
                            "remaining_capacity": 398.57352457211624,
                            "remaining_range": null
                        },
                        "note": null
                    },
                    {
                        "action": "return_depot",
                        "req_id": null,
                        "ready_time": 2184.5304890141338,
                        "travel_time": 888.8253020387416,
                        "arrival_time": 3073.3557910528752,
                        "service_start": null,
                        "location": [
                            0.0,
                            0.0
                        ],
                        "prev_location": [
                            812.0220865846995,
                            13883.189060391305
                        ],
                        "vehicle_state": {
                            "remaining_capacity": 400.0,
                            "busy_until": 3073.3557910528752,
                            "remaining_range": null
                        },
                        "note": null
                    }
                ],
                [
                    {
                        "action": "pickup",
                        "req_id": 10,
                        "ready_time": 4278.7949239604695,
                        "travel_time": 729.6359295727566,
                        "arrival_time": 5008.430853533226,
                        "service_start": 5008.430853533226,
                        "location": [
                            -11400.383517311371,
                            -600.2675916423768
                        ],
                        "prev_location": [
                            0.0,
                            0.0
                        ],
                        "vehicle_state": {
                            "busy_until": 5008.430853533226,
                            "remaining_capacity": 398.95826334526686,
                            "remaining_range": null
                        },
                        "note": null
                    },
                    {
                        "action": "return_depot",
                        "req_id": null,
                        "ready_time": 5008.430853533226,
                        "travel_time": 729.6359295727566,
                        "arrival_time": 5738.066783105982,
                        "service_start": null,
                        "location": [
                            0.0,
                            0.0
                        ],
                        "prev_location": [
                            -11400.383517311371,
                            -600.2675916423768
                        ],
                        "vehicle_state": {
                            "remaining_capacity": 400.0,
                            "busy_until": 5738.066783105982,
                            "remaining_range": null
                        },
                        "note": null
                    }
                ]
            ],
            "makespan": 5738.066783105982
        },
        {
            "id": 2,
            "type": "DRONE",
            "routes": [
                [
                    {
                        "action": "pickup",
                        "req_id": 1,
                        "ready_time": 0.0,
                        "travel_time": 270.7512254623986,
                        "arrival_time": 270.7512254623986,
                        "service_start": 270.7512254623986,
                        "location": [
                            7465.830835176659,
                            -4005.7096494893653
                        ],
                        "prev_location": [
                            0.0,
                            0.0
                        ],
                        "vehicle_state": {
                            "busy_until": 270.7512254623986,
                            "remaining_capacity": 1.1979845285509103,
                            "remaining_range": 429.2487745376014
                        },
                        "note": null
                    },
                    {
                        "action": "return_depot",
                        "req_id": null,
                        "ready_time": 270.7512254623986,
                        "travel_time": 270.7512254623986,
                        "arrival_time": 541.5024509247972,
                        "service_start": null,
                        "location": [
                            0.0,
                            0.0
                        ],
                        "prev_location": [
                            7465.830835176659,
                            -4005.7096494893653
                        ],
                        "vehicle_state": {
                            "remaining_capacity": 2.27,
                            "busy_until": 541.5024509247972,
                            "remaining_range": 700.0
                        },
                        "note": null
                    }
                ],
                [
                    {
                        "action": "pickup",
                        "req_id": 4,
                        "ready_time": 541.5024509247972,
                        "travel_time": 214.96028083137202,
                        "arrival_time": 756.4627317561692,
                        "service_start": 756.4627317561692,
                        "location": [
                            791.5522795364202,
                            6679.974549494998
                        ],
                        "prev_location": [
                            0.0,
                            0.0
                        ],
                        "vehicle_state": {
                            "busy_until": 756.4627317561692,
                            "remaining_capacity": 2.1589294452533627,