{
    "execution_time": 3.793076515197754,
    "served": 12,
    "dropped": 0,
    "makespan": 1731.7758398206338,
    "routing_tree": "(add RT3 RT1)",
    "sequencing_tree": "(min ST0 ST2)",
    "vehicles": [
        {
            "id": 1,
            "type": "TRUCK",
            "routes": [
                [
                    {
                        "action": "pickup",
                        "req_id": 8,
                        "ready_time": 0.0,
                        "travel_time": 168.81709127295923,
                        "arrival_time": 168.81709127295923,
                        "service_start": 168.81709127295923,
                        "location": [
                            -2634.4511429892673,
                            191.19123848306631
                        ],
                        "prev_location": [
                            0.0,
                            0.0
                        ],
                        "vehicle_state": {
                            "busy_until": 168.81709127295923,
                            "remaining_capacity": 398.9997667756916,
                            "remaining_range": null
                        },
                        "note": null
                    },
                    {
                        "action": "pickup",
                        "req_id": 7,
                        "ready_time": 168.81709127295923,
                        "travel_time": 253.57339022707032,
                        "arrival_time": 422.3904815000295,
                        "service_start": 422.3904815000295,
                        "location": [
                            -2584.4105476321047,
                            4158.386347963583
                        ],
                        "prev_location": [
                            -2634.4511429892673,
                            191.19123848306631
                        ],
                        "vehicle_state": {
                            "busy_until": 422.3904815000295,
                            "remaining_capacity": 376.71935001979614,
                            "remaining_range": null
                        },
                        "note": null
                    },
                    {
                        "action": "pickup",
                        "req_id": 1,
                        "ready_time": 422.3904815000295,
                        "travel_time": 456.024101227427,
                        "arrival_time": 878.4145827274565,
                        "service_start": 878.4145827274565,
                        "location": [
                            3570.0065891222307,
                            548.219000911424
                        ],
                        "prev_location": [
                            -2584.4105476321047,
                            4158.386347963583
                        ],
                        "vehicle_state": {
                            "busy_until": 878.4145827274565,
                            "remaining_capacity": 376.3303938146583,
                            "remaining_range": null
                        },
                        "note": null
                    },
                    {
                        "action": "pickup",
                        "req_id": 11,
                        "ready_time": 878.4145827274565,
                        "travel_time": 298.0820153484889,
                        "arrival_time": 1176.4965980759453,
                        "service_start": 1176.4965980759453,
                        "location": [
                            7056.231871623902,
                            -2549.892346046066
                        ],
                        "prev_location": [
                            3570.0065891222307,
                            548.219000911424
                        ],
                        "vehicle_state": {
                            "busy_until": 1176.4965980759453,
                            "remaining_capacity": 350.49065832919865,
                            "remaining_range": null
                        },
                        "note": null
                    },
                    {
                        "action": "pickup",
                        "req_id": 3,
                        "ready_time": 1176.4965980759453,
                        "travel_time": 219.1364776707843,
                        "arrival_time": 1395.6330757467294,
                        "service_start": 1395.6330757467294,
                        "location": [
                            5092.70668683101,
                            260.8961302251949
                        ],
                        "prev_location": [
                            7056.231871623902,
                            -2549.892346046066
                        ],
                        "vehicle_state": {
                            "busy_until": 1395.6330757467294,
                            "remaining_capacity": 350.00505641823577,
                            "remaining_range": null
                        },
                        "note": null
                    },
                    {
                        "action": "return_depot",
                        "req_id": null,
                        "ready_time": 1395.6330757467294,
                        "travel_time": 325.914272898787,
                        "arrival_time": 1721.5473486455164,
                        "service_start": null,
                        "location": [
                            0.0,
                            0.0
                        ],
                        "prev_location": [
                            5092.70668683101,
                            260.8961302251949
                        ],
                        "vehicle_state": {
                            "remaining_capacity": 400.0,
                            "busy_until": 1721.5473486455164,
                            "remaining_range": null
                        },
                        "note": null
                    }
                ]
            ],
            "makespan": 1721.5473486455164
        },
        {
            "id": 2,
            "type": "DRONE",
            "routes": [
                [
                    {
                        "action": "pickup",
                        "req_id": 12,
                        "ready_time": 0.0,
                        "travel_time": 29.529771098518506,
                        "arrival_time": 29.529771098518506,
                        "service_start": 29.529771098518506,
                        "location": [
                            -835.6949447796089,
                            394.35755923777566
                        ],
                        "prev_location": [
                            0.0,
                            0.0
                        ],
                        "vehicle_state": {
                            "busy_until": 29.529771098518506,
                            "remaining_capacity": 1.5544246864379683,
                            "remaining_range": 670.4702289014815
                        },
                        "note": null
                    },
                    {
                        "action": "return_depot",
                        "req_id": null,
                        "ready_time": 29.529771098518506,
                        "travel_time": 29.529771098518506,
                        "arrival_time": 59.05954219703701,
                        "service_start": null,
                        "location": [
                            0.0,
                            0.0
                        ],
                        "prev_location": [
                            -835.6949447796089,
                            394.35755923777566
                        ],
                        "vehicle_state": {
                            "remaining_capacity": 2.27,
                            "busy_until": 59.05954219703701,