{
    "served": 20,
    "dropped": 0,
    "makespan": 685.4123942966635,
    "routing_tree": "(add (div (div RT5 (min RT0 RT5)) RT5) RT2)",
    "sequencing_tree": "(mul (max ST0 ST5) (mul ST2 ST3))",
    "vehicles": [
        {
            "id": 1,
            "type": "TRUCK",
            "routes": [
                [
                    8,
                    17,
                    7,
                    11,
                    6,
                    14,
                    15
                ]
            ],
            "makespan": 685.4123942966635
        },
        {
            "id": 2,
            "type": "TRUCK",
            "routes": [
                [
                    18,
                    12,
                    1
                ]
            ],
            "makespan": 341.772448087084
        },
        {
            "id": 3,
            "type": "DRONE",
            "routes": [
                [
                    4,
                    9,
                    19
                ]
            ],
            "makespan": 291.88235116608973
        },
        {
            "id": 4,
            "type": "DRONE",
            "routes": [
                [
                    5,
                    20,
                    13,
                    3,
                    10,
                    2,
                    16
                ]
            ],
            "makespan": 645.3039393409182
        }
    ]
}