{
    "execution_time": 3.5651614665985107,
    "served": 10,
    "dropped": 2,
    "makespan": 755.2642039130658,
    "routing_tree": "(add RT0 (add (add (div RT0 RT3) (min RT0 RT0)) RT3))",
    "sequencing_tree": "ST0",
    "vehicles": [
        {
            "id": 1,
            "type": "TRUCK",
            "routes": [
                [
                    {
                        "action": "pickup",
                        "req_id": 5,
                        "ready_time": 0.0,
                        "travel_time": 115.49206531193155,
                        "arrival_time": 115.49206531193155,
                        "service_start": 115.49206531193155,
                        "location": [
                            272.6944152763678,
                            1786.3407934442869
                        ],
                        "prev_location": [
                            0.0,
                            0.0
                        ],
                        "vehicle_state": {
                            "busy_until": 115.49206531193155,
                            "remaining_capacity": 399.5527001861043,
                            "remaining_range": null
                        },
                        "note": null
                    },
                    {
                        "action": "return_depot",
                        "req_id": null,
                        "ready_time": 115.49206531193155,
                        "travel_time": 115.49206531193155,
                        "arrival_time": 230.9841306238631,
                        "service_start": null,
                        "location": [
                            0.0,
                            0.0
                        ],
                        "prev_location": [
                            272.6944152763678,
                            1786.3407934442869
                        ],
                        "vehicle_state": {
                            "remaining_capacity": 400.0,
                            "busy_until": 230.9841306238631,
                            "remaining_range": null
                        },
                        "note": null
                    }
                ],
                [
                    {
                        "action": "pickup",
                        "req_id": 4,
                        "ready_time": 230.9841306238631,
                        "travel_time": 78.91212984913903,
                        "arrival_time": 309.89626047300214,
                        "service_start": 309.89626047300214,
                        "location": [
                            782.3734363272736,
                            -955.1717387416446
                        ],
                        "prev_location": [
                            0.0,
                            0.0
                        ],
                        "vehicle_state": {
                            "busy_until": 309.89626047300214,
                            "remaining_capacity": 398.9144504753216,
                            "remaining_range": null
                        },
                        "note": null
                    },
                    {
                        "action": "pickup",
                        "req_id": 2,
                        "ready_time": 309.89626047300214,
                        "travel_time": 154.07293126609926,
                        "arrival_time": 463.9691917391014,
                        "service_start": 463.9691917391014,
                        "location": [
                            3043.1522841795327,
                            -1792.004710946488
                        ],
                        "prev_location": [
                            782.3734363272736,
                            -955.1717387416446
                        ],
                        "vehicle_state": {
                            "busy_until": 463.9691917391014,
                            "remaining_capacity": 398.25994052680204,
                            "remaining_range": null
                        },
                        "note": null
                    },
                    {
                        "action": "pickup",
                        "req_id": 12,
                        "ready_time": 463.9691917391014,
                        "travel_time": 42.92996245512988,
                        "arrival_time": 506.8991541942313,
                        "service_start": 506.8991541942313,
                        "location": [
                            3611.6552652377572,
                            -1434.2556412405588
                        ],
                        "prev_location": [
                            3043.1522841795327,
                            -1792.004710946488
                        ],
                        "vehicle_state": {
                            "busy_until": 506.8991541942313,
                            "remaining_capacity": 397.36376164458795,
                            "remaining_range": null
                        },
                        "note": null
                    },
                    {
                        "action": "return_depot",
                        "req_id": null,
                        "ready_time": 506.8991541942313,
                        "travel_time": 248.36504971883454,
                        "arrival_time": 755.2642039130658,
                        "service_start": null,
                        "location": [
                            0.0,
                            0.0
                        ],
                        "prev_location": [
                            3611.6552652377572,
                            -1434.2556412405588
                        ],
                        "vehicle_state": {
                            "remaining_capacity": 400.0,
                            "busy_until": 755.2642039130658,
                            "remaining_range": null
                        },
                        "note": null
                    }
                ]
            ],
            "makespan": 755.2642039130658
        },
        {
            "id": 2,
            "type": "DRONE",
            "routes": [
                [
                    {
                        "action": "pickup",
                        "req_id": 10,
                        "ready_time": 0.0,
                        "travel_time": 62.989282511622484,
                        "arrival_time": 62.989282511622484,
                        "service_start": 62.989282511622484,
                        "location": [
                            3.1930602170885023,
                            -1971.1084335123269
                        ],
                        "prev_location": [
                            0.0,
                            0.0
                        ],
                        "vehicle_state": {
                            "busy_until": 62.989282511622484,
                            "remaining_capacity": 1.1729617532491192,
                            "remaining_range": 637.0107174883775
                        },
                        "note": null
                    },
                    {
                        "action": "pickup",
                        "req_id": 1,
                        "ready_time": 62.989282511622484,
                        "travel_time": 164.69300278818656,
                        "arrival_time": 227.68228529980905,
                        "service_start": 227.68228529980905,
                        "location": [
                            1787.8866451467225,
                            2863.717941053499
                        ],
                        "prev_location": [
                            3.1930602170885023,
                            -1971.1084335123269
                        ],
                        "vehicle_state": {
                            "busy_until": 227.68228529980905,