{
    "served": 89,
    "dropped": 11,
    "makespan": 4386.774288155496,
    "routing_tree": "(max (mul RT0 RT0) RT2)",
    "sequencing_tree": "(min ST4 (add (mul ST5 ST0) ST1))",
    "vehicles": [
        {
            "id": 1,
            "type": "TRUCK",
            "routes": [
                [
                    77,
                    83,
                    44,
                    89,
                    68,
                    12,
                    35,
                    3,
                    98,
                    15,
                    73
                ]
            ],
            "makespan": 4109.879613757159
        },
        {
            "id": 2,
            "type": "TRUCK",
            "routes": [
                [
                    31,
                    27,
                    51,
                    4,
                    95,
                    99,
                    32,
                    2,
                    93,
                    41,
                    28,
                    55,
                    7,
                    49,
                    18,
                    39,
                    86,
                    42,
                    74,
                    88,
                    21,
                    1
                ]
            ],
            "makespan": 4200.088069748892
        },
        {
            "id": 3,
            "type": "TRUCK",
            "routes": [
                [
                    96,
                    97,
                    26,
                    46,
                    9,
                    48,
                    63,
                    36,
                    25,
                    82,
                    37,
                    62,
                    29,
                    56,
                    65,
                    34
                ]
            ],
            "makespan": 4231.502361556704
        },
        {
            "id": 4,
            "type": "TRUCK",
            "routes": [
                [
                    75,
                    11,
                    33,
                    23,
                    45,
                    81,
                    30,
                    58,
                    94,
                    8,
                    64,
                    22,
                    13,
                    76,
                    70,
                    91,
                    59,
                    90,
                    92,
                    57,
                    71,
                    80,
                    50,
                    100,
                    24
                ]
            ],
            "makespan": 4386.774288155496
        },
        {
            "id": 5,
            "type": "DRONE",
            "routes": [
                [
                    52,
                    84
                ],
                [
                    69,
                    67,
                    60,
                    43
                ]
            ],
            "makespan": 2040.7030964218961
        },
        {
            "id": 6,
            "type": "DRONE",
            "routes": [
                [
                    14,
                    10,
                    53,
                    19
                ]
            ],
            "makespan": 3761.5063328765036
        },
        {
            "id": 7,
            "type": "DRONE",
            "routes": [
                [
                    61,
                    17,
                    16
                ]
            ],
            "makespan": 2400.78700660253
        },
        {
            "id": 8,
            "type": "DRONE",
            "routes": [
                [
                    38,
                    20
                ]
            ],
            "makespan": 1426.8331582044682
        }
    ]
}