{
    "served": 17,
    "dropped": 3,
    "makespan": 1539.3985708493656,
    "routing_tree": "(add RT0 (min RT3 (min (max RT4 RT0) (max RT5 RT2))))",
    "sequencing_tree": "(div (max ST0 ST4) (div ST3 ST5))",
    "vehicles": [
        {
            "id": 1,
            "type": "TRUCK",
            "routes": [
                [
                    6,
                    16,
                    8,
                    20
                ]
            ],
            "makespan": 1539.3985708493656
        },
        {
            "id": 2,
            "type": "TRUCK",
            "routes": [
                [
                    9,
                    19,
                    7
                ]
            ],
            "makespan": 1206.2107198017206
        },
        {
            "id": 3,
            "type": "DRONE",
            "routes": [
                [
                    3,
                    10,
                    17,
                    2
                ],
                [
                    15,
                    1
                ]
            ],
            "makespan": 948.6568980017292
        },
        {
            "id": 4,
            "type": "DRONE",
            "routes": [
                [
                    18,
                    14,
                    12,
                    4
                ]
            ],
            "makespan": 845.3514234377465
        }
    ]
}