{
    "execution_time": 6.784401893615723,
    "served": 10,
    "dropped": 2,
    "makespan": 877.833733170801,
    "routing_tree": "(add RT1 RT3)",
    "sequencing_tree": "ST2",
    "vehicles": [
        {
            "id": 1,
            "type": "TRUCK",
            "routes": [
                [
                    {
                        "action": "pickup",
                        "req_id": 7,
                        "ready_time": 0.0,
                        "travel_time": 50.438797370909846,
                        "arrival_time": 50.438797370909846,
                        "service_start": 50.438797370909846,
                        "location": [
                            -702.2806549021099,
                            -360.0219322624589
                        ],
                        "prev_location": [
                            0.0,
                            0.0
                        ],
                        "vehicle_state": {
                            "busy_until": 50.438797370909846,
                            "remaining_capacity": 396.88924194473975,
                            "remaining_range": null
                        },
                        "note": null
                    },
                    {
                        "action": "pickup",
                        "req_id": 6,
                        "ready_time": 50.438797370909846,
                        "travel_time": 170.19274629470314,
                        "arrival_time": 220.63154366561298,
                        "service_start": 220.63154366561298,
                        "location": [
                            -3078.1198112719444,
                            842.6604341827248
                        ],
                        "prev_location": [
                            -702.2806549021099,
                            -360.0219322624589
                        ],
                        "vehicle_state": {
                            "busy_until": 220.63154366561298,
                            "remaining_capacity": 380.26297566561993,
                            "remaining_range": null
                        },
                        "note": null
                    },
                    {
                        "action": "return_depot",
                        "req_id": null,
                        "ready_time": 220.63154366561298,
                        "travel_time": 203.96888275353766,
                        "arrival_time": 424.6004264191506,
                        "service_start": null,
                        "location": [
                            0.0,
                            0.0
                        ],
                        "prev_location": [
                            -3078.1198112719444,
                            842.6604341827248
                        ],
                        "vehicle_state": {
                            "remaining_capacity": 400.0,
                            "busy_until": 424.6004264191506,
                            "remaining_range": null
                        },
                        "note": null
                    }
                ],
                [
                    {
                        "action": "pickup",
                        "req_id": 3,
                        "ready_time": 426.7311321445205,
                        "travel_time": 128.19512422078287,
                        "arrival_time": 554.9262563653033,
                        "service_start": 554.9262563653033,
                        "location": [
                            1999.078085924743,
                            163.9790300353026
                        ],
                        "prev_location": [
                            0.0,
                            0.0
                        ],
                        "vehicle_state": {
                            "busy_until": 554.9262563653033,
                            "remaining_capacity": 399.7623098095426,
                            "remaining_range": null
                        },
                        "note": null
                    },
                    {
                        "action": "pickup",
                        "req_id": 8,
                        "ready_time": 554.9262563653033,
                        "travel_time": 100.16173254181507,
                        "arrival_time": 655.0879889071184,
                        "service_start": 655.0879889071184,
                        "location": [
                            3163.495470555522,
                            -884.9040096174613
                        ],
                        "prev_location": [
                            1999.078085924743,
                            163.9790300353026
                        ],
                        "vehicle_state": {
                            "busy_until": 655.0879889071184,
                            "remaining_capacity": 399.2863722223475,
                            "remaining_range": null
                        },
                        "note": null
                    },
                    {
                        "action": "pickup",
                        "req_id": 1,
                        "ready_time": 655.0879889071184,
                        "travel_time": 89.02860249463227,
                        "arrival_time": 744.1165914017507,
                        "service_start": 744.1165914017507,
                        "location": [
                            1785.7241322075167,
                            -1090.1633893948417
                        ],
                        "prev_location": [
                            3163.495470555522,
                            -884.9040096174613
                        ],
                        "vehicle_state": {
                            "busy_until": 744.1165914017507,
                            "remaining_capacity": 398.65052591546805,
                            "remaining_range": null
                        },
                        "note": null
                    },
                    {
                        "action": "return_depot",
                        "req_id": null,
                        "ready_time": 744.1165914017507,
                        "travel_time": 133.71714176905033,
                        "arrival_time": 877.833733170801,
                        "service_start": null,
                        "location": [
                            0.0,
                            0.0
                        ],
                        "prev_location": [
                            1785.7241322075167,
                            -1090.1633893948417
                        ],
                        "vehicle_state": {
                            "remaining_capacity": 400.0,
                            "busy_until": 877.833733170801,
                            "remaining_range": null
                        },
                        "note": null
                    }
                ]
            ],
            "makespan": 877.833733170801
        },
        {
            "id": 2,
            "type": "DRONE",
            "routes": [
                [
                    {
                        "action": "pickup",
                        "req_id": 11,
                        "ready_time": 0.0,
                        "travel_time": 122.0543715934519,
                        "arrival_time": 122.0543715934519,
                        "service_start": 122.0543715934519,
                        "location": [
                            -177.06666943431333,
                            3815.316467669714
                        ],
                        "prev_location": [
                            0.0,
                            0.0
                        ],
                        "vehicle_state": {
                            "busy_until": 122.0543715934519,
                            "remaining_capacity": 1.1675253522719875,