{
    "served": 72,
    "dropped": 28,
    "makespan": 5316.880960559702,
    "routing_tree": "(sub (mul (sub (mul (mul RT2 RT2) RT2) RT2) RT3) RT2)",
    "sequencing_tree": "(div ST0 (div ST0 (add (max ST3 ST4) (min ST2 (min ST0 ST3)))))",
    "vehicles": [
        {
            "id": 1,
            "type": "TRUCK",
            "routes": [
                [
                    11,
                    4,
                    53,
                    57,
                    49,
                    75,
                    48,
                    55,
                    98,
                    13,
                    77,
                    16,
                    59,
                    1,
                    92
                ],
                [
                    91
                ]
            ],
            "makespan": 5316.880960559702
        },
        {
            "id": 2,
            "type": "TRUCK",
            "routes": [
                [
                    52,
                    22,
                    25,
                    41,
                    42,
                    3,
                    21,
                    87,
                    8,
                    93,
                    62,
                    40,
                    82,
                    89,
                    6,
                    46,
                    39,
                    17,
                    7,
                    2
                ]
            ],
            "makespan": 4125.334323237672
        },
        {
            "id": 3,
            "type": "TRUCK",
            "routes": [
                [
                    56,
                    73,
                    18,
                    26,
                    51,
                    97,
                    10,
                    14,
                    5,
                    71,
                    65,
                    24
                ],
                [
                    9,
                    80,
                    36
                ]
            ],
            "makespan": 4957.593401557174
        },
        {
            "id": 4,
            "type": "TRUCK",
            "routes": [
                [
                    94,
                    79,
                    20,
                    72,
                    81,
                    47,
                    84,
                    100,
                    28,
                    68,
                    12,
                    78
                ]
            ],
            "makespan": 4967.59033730418
        },
        {
            "id": 5,
            "type": "DRONE",
            "routes": [
                [
                    63
                ]
            ],
            "makespan": 537.7504126563119
        },
        {
            "id": 6,
            "type": "DRONE",
            "routes": [
                [
                    38,
                    29,
                    45,
                    76
                ],
                [
                    95
                ]
            ],
            "makespan": 1468.6505348726046
        },
        {
            "id": 7,
            "type": "DRONE",
            "routes": [
                [
                    33,
                    44
                ]
            ],
            "makespan": 1152.5670399297383
        },
        {
            "id": 8,
            "type": "DRONE",
            "routes": [
                [
                    34
                ]
            ],
            "makespan": 697.4509259920985
        }
    ]
}