{
    "execution_time": 3.1636717319488525,
    "served": 8,
    "dropped": 4,
    "makespan": 4945.069809809199,
    "routing_tree": "RT3",
    "sequencing_tree": "(min ST0 ST2)",
    "vehicles": [
        {
            "id": 1,
            "type": "TRUCK",
            "routes": [
                [
                    {
                        "action": "pickup",
                        "req_id": 8,
                        "ready_time": 0.0,
                        "travel_time": 786.7116931052509,
                        "arrival_time": 786.7116931052509,
                        "service_start": 786.7116931052509,
                        "location": [
                            1677.0759137769717,
                            -12194.423506991889
                        ],
                        "prev_location": [
                            0.0,
                            0.0
                        ],
                        "vehicle_state": {
                            "busy_until": 786.7116931052509,
                            "remaining_capacity": 393.10800950400477,
                            "remaining_range": null
                        },
                        "note": null
                    },
                    {
                        "action": "pickup",
                        "req_id": 9,
                        "ready_time": 786.7116931052509,
                        "travel_time": 440.6790609786421,
                        "arrival_time": 1227.390754083893,
                        "service_start": 1227.390754083893,
                        "location": [
                            -4829.804225276809,
                            -14475.234615538126
                        ],
                        "prev_location": [
                            1677.0759137769717,
                            -12194.423506991889
                        ],
                        "vehicle_state": {
                            "busy_until": 1227.390754083893,
                            "remaining_capacity": 381.6641767749008,
                            "remaining_range": null
                        },
                        "note": null
                    },
                    {
                        "action": "return_depot",
                        "req_id": null,
                        "ready_time": 1227.390754083893,
                        "travel_time": 975.2871059307406,
                        "arrival_time": 2202.6778600146336,
                        "service_start": null,
                        "location": [
                            0.0,
                            0.0
                        ],
                        "prev_location": [
                            -4829.804225276809,
                            -14475.234615538126
                        ],
                        "vehicle_state": {
                            "remaining_capacity": 400.0,
                            "busy_until": 2202.6778600146336,
                            "remaining_range": null
                        },
                        "note": null
                    }
                ],
                [
                    {
                        "action": "pickup",
                        "req_id": 5,
                        "ready_time": 2954.9781371866525,
                        "travel_time": 68.15599450690222,
                        "arrival_time": 3023.1341316935545,
                        "service_start": 3023.1341316935545,
                        "location": [
                            1046.3024842815423,
                            206.03746939325416
                        ],
                        "prev_location": [
                            0.0,
                            0.0
                        ],
                        "vehicle_state": {
                            "busy_until": 3023.1341316935545,
                            "remaining_capacity": 379.0936880766587,
                            "remaining_range": null
                        },
                        "note": null
                    },
                    {
                        "action": "pickup",
                        "req_id": 4,
                        "ready_time": 3023.1341316935545,
                        "travel_time": 928.5557401824619,
                        "arrival_time": 3951.6898718760167,
                        "service_start": 3951.6898718760167,
                        "location": [
                            13657.745933747774,
                            7419.246945404355
                        ],
                        "prev_location": [
                            1046.3024842815423,
                            206.03746939325416
                        ],
                        "vehicle_state": {
                            "busy_until": 3951.6898718760167,
                            "remaining_capacity": 378.85358724739785,
                            "remaining_range": null
                        },
                        "note": null
                    },
                    {
                        "action": "return_depot",
                        "req_id": null,
                        "ready_time": 3951.6898718760167,
                        "travel_time": 993.3799379331824,
                        "arrival_time": 4945.069809809199,
                        "service_start": null,
                        "location": [
                            0.0,
                            0.0
                        ],
                        "prev_location": [
                            13657.745933747774,
                            7419.246945404355
                        ],
                        "vehicle_state": {
                            "remaining_capacity": 400.0,
                            "busy_until": 4945.069809809199,
                            "remaining_range": null
                        },
                        "note": null
                    }
                ]
            ],
            "makespan": 4945.069809809199
        },
        {
            "id": 2,
            "type": "DRONE",
            "routes": [
                [
                    {
                        "action": "pickup",
                        "req_id": 6,
                        "ready_time": 0.0,
                        "travel_time": 162.19734206576575,
                        "arrival_time": 162.19734206576575,
                        "service_start": 162.19734206576575,
                        "location": [
                            -5059.1454620969425,
                            408.4773800749573
                        ],
                        "prev_location": [
                            0.0,
                            0.0
                        ],
                        "vehicle_state": {
                            "busy_until": 162.19734206576575,
                            "remaining_capacity": 1.9736411455998522,
                            "remaining_range": 537.8026579342343
                        },
                        "note": null
                    },
                    {
                        "action": "return_depot",
                        "req_id": null,
                        "ready_time": 162.19734206576575,
                        "travel_time": 162.19734206576575,
                        "arrival_time": 324.3946841315315,
                        "service_start": null,
                        "location": [
                            0.0,
                            0.0
                        ],
                        "prev_location": [
                            -5059.1454620969425,
                            408.4773800749573
                        ],
                        "vehicle_state": {
                            "remaining_capacity": 2.27,
                            "busy_until": 324.3946841315315,