{
    "execution_time": 5.196995496749878,
    "served": 7,
    "dropped": 3,
    "makespan": 775.6904789217117,
    "routing_tree": "(div RT2 (max RT3 (min RT4 RT0)))",
    "sequencing_tree": "(mul ST2 (max (min ST0 ST0) (min ST2 ST2)))",
    "vehicles": [
        {
            "id": 1,
            "type": "TRUCK",
            "routes": [
                [
                    {
                        "action": "pickup",
                        "req_id": 4,
                        "ready_time": 0.0,
                        "travel_time": 161.07252030073826,
                        "arrival_time": 161.07252030073826,
                        "service_start": 161.07252030073826,
                        "location": [
                            2161.430927379198,
                            -1296.0131170863483
                        ],
                        "prev_location": [
                            0.0,
                            0.0
                        ],
                        "vehicle_state": {
                            "busy_until": 161.07252030073826,
                            "remaining_capacity": 399.0576329511036,
                            "remaining_range": null
                        },
                        "note": null
                    },
                    {
                        "action": "pickup",
                        "req_id": 1,
                        "ready_time": 161.07252030073826,
                        "travel_time": 121.67381447883751,
                        "arrival_time": 282.74633477957576,
                        "service_start": 282.74633477957576,
                        "location": [
                            1850.5992805733267,
                            -3174.2237157549935
                        ],
                        "prev_location": [
                            2161.430927379198,
                            -1296.0131170863483
                        ],
                        "vehicle_state": {
                            "busy_until": 282.74633477957576,
                            "remaining_capacity": 393.3031871750355,
                            "remaining_range": null
                        },
                        "note": null
                    },
                    {
                        "action": "return_depot",
                        "req_id": null,
                        "ready_time": 282.74633477957576,
                        "travel_time": 234.83299274641877,
                        "arrival_time": 517.5793275259946,
                        "service_start": null,
                        "location": [
                            0.0,
                            0.0
                        ],
                        "prev_location": [
                            1850.5992805733267,
                            -3174.2237157549935
                        ],
                        "vehicle_state": {
                            "remaining_capacity": 400.0,
                            "busy_until": 517.5793275259946,
                            "remaining_range": null
                        },
                        "note": null
                    }
                ]
            ],
            "makespan": 517.5793275259946
        },
        {
            "id": 2,
            "type": "DRONE",
            "routes": [
                [
                    {
                        "action": "pickup",
                        "req_id": 3,
                        "ready_time": 0.0,
                        "travel_time": 106.81793500651581,
                        "arrival_time": 106.81793500651581,
                        "service_start": 106.81793500651581,
                        "location": [
                            1024.4968781094415,
                            3181.7599977251957
                        ],
                        "prev_location": [
                            0.0,
                            0.0
                        ],
                        "vehicle_state": {
                            "busy_until": 106.81793500651581,
                            "remaining_capacity": 1.6647643339843308,
                            "remaining_range": 593.1820649934842
                        },
                        "note": null
                    },
                    {
                        "action": "pickup",
                        "req_id": 6,
                        "ready_time": 106.81793500651581,
                        "travel_time": 36.484910776884284,
                        "arrival_time": 143.3028457834001,
                        "service_start": 143.3028457834001,
                        "location": [
                            1908.6770636503347,
                            3904.0747332545684
                        ],
                        "prev_location": [
                            1024.4968781094415,
                            3181.7599977251957
                        ],
                        "vehicle_state": {
                            "busy_until": 143.3028457834001,
                            "remaining_capacity": 1.1851291332407046,
                            "remaining_range": 556.6971542166
                        },
                        "note": null
                    },
                    {
                        "action": "return_depot",
                        "req_id": null,
                        "ready_time": 143.3028457834001,
                        "travel_time": 138.87124160597617,
                        "arrival_time": 282.17408738937627,
                        "service_start": null,
                        "location": [
                            0.0,
                            0.0
                        ],
                        "prev_location": [
                            1908.6770636503347,
                            3904.0747332545684
                        ],
                        "vehicle_state": {
                            "remaining_capacity": 2.27,
                            "busy_until": 282.17408738937627,
                            "remaining_range": 700.0
                        },
                        "note": null
                    }
                ],
                [
                    {
                        "action": "pickup",
                        "req_id": 8,
                        "ready_time": 284.48087855124993,
                        "travel_time": 127.8581490316251,
                        "arrival_time": 412.339027582875,
                        "service_start": 412.339027582875,
                        "location": [
                            -3953.308107016683,
                            -616.1752832287666
                        ],
                        "prev_location": [
                            0.0,
                            0.0
                        ],
                        "vehicle_state": {
                            "busy_until": 412.339027582875,
                            "remaining_capacity": 1.3535094995318675,
                            "remaining_range": 572.1418509683749
                        },
                        "note": null
                    },
                    {
                        "action": "pickup",
                        "req_id": 7,
                        "ready_time": 412.339027582875,
                        "travel_time": 64.30820303153573,
                        "arrival_time": 476.6472306144108,
                        "service_start": 476.6472306144108,
                        "location": [
                            -3935.9751445870465,
                            -2628.4843719692035
                        ],
                        "prev_location": [
                            -3953.308107016683,
                            -616.1752832287666
                        ],