{
    "served": 17,
    "dropped": 3,
    "makespan": 5506.038168336345,
    "routing_tree": "(sub RT5 (sub RT3 (max RT0 RT5)))",
    "sequencing_tree": "(sub ST0 (max ST0 ST0))",
    "vehicles": [
        {
            "id": 1,
            "type": "TRUCK",
            "routes": [
                [
                    16,
                    20,
                    14,
                    15,
                    6
                ]
            ],
            "makespan": 4266.419434096067
        },
        {
            "id": 2,
            "type": "TRUCK",
            "routes": [
                [
                    11,
                    2,
                    10,
                    5,
                    13
                ],
                [
                    8,
                    3,
                    9,
                    12
                ]
            ],
            "makespan": 5506.038168336345
        },
        {
            "id": 3,
            "type": "DRONE",
            "routes": [
                [
                    17,
                    18
                ]
            ],
            "makespan": 1021.8944819346975
        },
        {
            "id": 4,
            "type": "DRONE",
            "routes": [
                [
                    7
                ]
            ],
            "makespan": 550.8049011035616
        }
    ]
}