{
    "execution_time": 4.5421295166015625,
    "served": 10,
    "dropped": 0,
    "makespan": 2060.5354029097252,
    "routing_tree": "(add RT3 RT1)",
    "sequencing_tree": "(min ST0 ST2)",
    "vehicles": [
        {
            "id": 1,
            "type": "TRUCK",
            "routes": [
                [
                    {
                        "action": "pickup",
                        "req_id": 4,
                        "ready_time": 0.0,
                        "travel_time": 180.35473249328518,
                        "arrival_time": 180.35473249328518,
                        "service_start": 180.35473249328518,
                        "location": [
                            -122.23283145985745,
                            -2819.253739799051
                        ],
                        "prev_location": [
                            0.0,
                            0.0
                        ],
                        "vehicle_state": {
                            "busy_until": 180.35473249328518,
                            "remaining_capacity": 399.4833537819968,
                            "remaining_range": null
                        },
                        "note": null
                    },
                    {
                        "action": "pickup",
                        "req_id": 5,
                        "ready_time": 180.35473249328518,
                        "travel_time": 482.9057866701058,
                        "arrival_time": 663.260519163391,
                        "service_start": 663.260519163391,
                        "location": [
                            -6320.614413064682,
                            -7140.044049629824
                        ],
                        "prev_location": [
                            -122.23283145985745,
                            -2819.253739799051
                        ],
                        "vehicle_state": {
                            "busy_until": 663.260519163391,
                            "remaining_capacity": 391.3910745018547,
                            "remaining_range": null
                        },
                        "note": null
                    },
                    {
                        "action": "pickup",
                        "req_id": 2,
                        "ready_time": 663.260519163391,
                        "travel_time": 866.8273220664914,
                        "arrival_time": 1530.0878412298825,
                        "service_start": 1530.0878412298825,
                        "location": [
                            6980.5775493611445,
                            -4489.410845993056
                        ],
                        "prev_location": [
                            -6320.614413064682,
                            -7140.044049629824
                        ],
                        "vehicle_state": {
                            "busy_until": 1530.0878412298825,
                            "remaining_capacity": 366.6548908139274,
                            "remaining_range": null
                        },
                        "note": null
                    },
                    {
                        "action": "return_depot",
                        "req_id": null,
                        "ready_time": 1530.0878412298825,
                        "travel_time": 530.4475616798429,
                        "arrival_time": 2060.5354029097252,
                        "service_start": null,
                        "location": [
                            0.0,
                            0.0
                        ],
                        "prev_location": [
                            6980.5775493611445,
                            -4489.410845993056
                        ],
                        "vehicle_state": {
                            "remaining_capacity": 400.0,
                            "busy_until": 2060.5354029097252,
                            "remaining_range": null
                        },
                        "note": null
                    }
                ]
            ],
            "makespan": 2060.5354029097252
        },
        {
            "id": 2,
            "type": "DRONE",
            "routes": [
                [
                    {
                        "action": "pickup",
                        "req_id": 1,
                        "ready_time": 90.17736624664259,
                        "travel_time": 199.82982227659727,
                        "arrival_time": 290.00718852323985,
                        "service_start": 290.00718852323985,
                        "location": [
                            3743.007144637955,
                            -5009.275522462778
                        ],
                        "prev_location": [
                            0.0,
                            0.0
                        ],
                        "vehicle_state": {
                            "busy_until": 290.00718852323985,
                            "remaining_capacity": 1.7377139515409024,
                            "remaining_range": 500.17017772340273
                        },
                        "note": null
                    },
                    {
                        "action": "pickup",
                        "req_id": 10,
                        "ready_time": 290.00718852323985,
                        "travel_time": 50.30787726327533,
                        "arrival_time": 340.31506578651516,
                        "service_start": 340.31506578651516,
                        "location": [
                            5302.062839960972,
                            -4790.906473425965
                        ],
                        "prev_location": [
                            3743.007144637955,
                            -5009.275522462778
                        ],
                        "vehicle_state": {
                            "busy_until": 340.31506578651516,
                            "remaining_capacity": 1.271720522189106,
                            "remaining_range": 449.8623004601274
                        },
                        "note": null
                    },
                    {
                        "action": "pickup",
                        "req_id": 3,
                        "ready_time": 340.31506578651516,
                        "travel_time": 131.18152861227222,
                        "arrival_time": 471.49659439878735,
                        "service_start": 471.49659439878735,
                        "location": [
                            2493.8233061166425,
                            -7785.0878759983025
                        ],
                        "prev_location": [
                            5302.062839960972,
                            -4790.906473425965
                        ],
                        "vehicle_state": {
                            "busy_until": 471.49659439878735,
                            "remaining_capacity": 1.0520446494476994,
                            "remaining_range": 318.6807718478552
                        },
                        "note": null
                    },
                    {
                        "action": "return_depot",
                        "req_id": null,
                        "ready_time": 471.49659439878735,
                        "travel_time": 261.2346247773694,
                        "arrival_time": 732.7312191761567,
                        "service_start": null,
                        "location": [
                            0.0,
                            0.0
                        ],
                        "prev_location": [
                            2493.8233061166425,
                            -7785.0878759983025
                        ],
                        "vehicle_state": {
                            "remaining_capacity": 2.27,