{
    "execution_time": 4.816869258880615,
    "served": 8,
    "dropped": 2,
    "makespan": 709.20374541352,
    "routing_tree": "(add RT3 RT1)",
    "sequencing_tree": "(min ST0 ST2)",
    "vehicles": [
        {
            "id": 1,
            "type": "TRUCK",
            "routes": [
                [
                    {
                        "action": "pickup",
                        "req_id": 4,
                        "ready_time": 0.0,
                        "travel_time": 193.247950348171,
                        "arrival_time": 193.247950348171,
                        "service_start": 193.247950348171,
                        "location": [
                            974.9017665365532,
                            2862.155399003923
                        ],
                        "prev_location": [
                            0.0,
                            0.0
                        ],
                        "vehicle_state": {
                            "busy_until": 193.247950348171,
                            "remaining_capacity": 399.9716764181254,
                            "remaining_range": null
                        },
                        "note": null
                    },
                    {
                        "action": "pickup",
                        "req_id": 3,
                        "ready_time": 193.247950348171,
                        "travel_time": 39.001808409509216,
                        "arrival_time": 232.2497587576802,
                        "service_start": 232.2497587576802,
                        "location": [
                            477.22150071350444,
                            3215.2908427427274
                        ],
                        "prev_location": [
                            974.9017665365532,
                            2862.155399003923
                        ],
                        "vehicle_state": {
                            "busy_until": 232.2497587576802,
                            "remaining_capacity": 399.61435245571766,
                            "remaining_range": null
                        },
                        "note": null
                    },
                    {
                        "action": "pickup",
                        "req_id": 5,
                        "ready_time": 232.2497587576802,
                        "travel_time": 55.317993919075484,
                        "arrival_time": 287.5677526767557,
                        "service_start": 287.5677526767557,
                        "location": [
                            1275.4897449321859,
                            3549.813778252409
                        ],
                        "prev_location": [
                            477.22150071350444,
                            3215.2908427427274
                        ],
                        "vehicle_state": {
                            "busy_until": 287.5677526767557,
                            "remaining_capacity": 399.1484950419724,
                            "remaining_range": null
                        },
                        "note": null
                    },
                    {
                        "action": "pickup",
                        "req_id": 1,
                        "ready_time": 287.5677526767557,
                        "travel_time": 36.89870071017509,
                        "arrival_time": 324.46645338693077,
                        "service_start": 324.46645338693077,
                        "location": [
                            1851.3201182197286,
                            3508.2033943944534
                        ],
                        "prev_location": [
                            1275.4897449321859,
                            3549.813778252409
                        ],
                        "vehicle_state": {
                            "busy_until": 324.46645338693077,
                            "remaining_capacity": 398.7252512846557,
                            "remaining_range": null
                        },
                        "note": null
                    },
                    {
                        "action": "return_depot",
                        "req_id": null,
                        "ready_time": 324.46645338693077,
                        "travel_time": 253.52293306577135,
                        "arrival_time": 577.9893864527021,
                        "service_start": null,
                        "location": [
                            0.0,
                            0.0
                        ],
                        "prev_location": [
                            1851.3201182197286,
                            3508.2033943944534
                        ],
                        "vehicle_state": {
                            "remaining_capacity": 400.0,
                            "busy_until": 577.9893864527021,
                            "remaining_range": null
                        },
                        "note": null
                    }
                ]
            ],
            "makespan": 577.9893864527021
        },
        {
            "id": 2,
            "type": "DRONE",
            "routes": [
                [
                    {
                        "action": "pickup",
                        "req_id": 8,
                        "ready_time": 0.0,
                        "travel_time": 53.735292028050516,
                        "arrival_time": 53.735292028050516,
                        "service_start": 53.735292028050516,
                        "location": [
                            527.4129350334723,
                            -1596.675031992935
                        ],
                        "prev_location": [
                            0.0,
                            0.0
                        ],
                        "vehicle_state": {
                            "busy_until": 53.735292028050516,
                            "remaining_capacity": 1.877805119747485,
                            "remaining_range": 646.2647079719495
                        },
                        "note": null
                    },
                    {
                        "action": "return_depot",
                        "req_id": null,
                        "ready_time": 53.735292028050516,
                        "travel_time": 53.735292028050516,
                        "arrival_time": 107.47058405610103,
                        "service_start": null,
                        "location": [
                            0.0,
                            0.0
                        ],
                        "prev_location": [
                            527.4129350334723,
                            -1596.675031992935
                        ],
                        "vehicle_state": {
                            "remaining_capacity": 2.27,
                            "busy_until": 107.47058405610103,
                            "remaining_range": 700.0
                        },
                        "note": null
                    }
                ],
                [
                    {
                        "action": "pickup",
                        "req_id": 2,
                        "ready_time": 107.47058405610103,
                        "travel_time": 123.80346509796736,
                        "arrival_time": 231.2740491540684,
                        "service_start": 231.2740491540684,
                        "location": [
                            -1612.1442374570163,
                            -3522.7949104294553
                        ],
                        "prev_location": [
                            0.0,
                            0.0
                        ],
                        "vehicle_state": {
                            "busy_until": 231.2740491540684,
                            "remaining_capacity": 1.6632298676048198,